Workbook
Name SegmentaçãodeDados_Especialidade: #N/A
Name SegmentaçãodeDados_Mês: #N/A
Name SegmentaçãodeDados_Nº_da_Pesquisa: #N/A

Sheet Especialidades MAIS PROCURADAS
A1: Rótulos de Linha | B1: Contagem de Data da Pesquisa
A2: Limpeza de pele | B2: 28
A3: Drenagem linfática manual | B3: 16
A4: Microagulhamento | B4: 11
A5: Fotodepilação | B5: 1
A6: Terapia capilar para queda | B6: 6
A7: Massagem Modeladora | B7: 82
A8: Total Geral | B8: 144

Sheet MES
A1: Rótulos de Linha | B1: Contagem de Mês
A2: jan-25 | B2: 30
A3: fev-25 | B3: 28
A4: mar-25 | B4: 31
A5: abr-25 | B5: 26
A6: mai-25 | B6: 29
A7: Total Geral | B7: 144

Sheet MAPA
A1: Contagem de Nº da Pesquisa
A2: 144 | D2: =IF(IF(IF(A2="(VAZIO)","",A2)="TOTAL GERAL","",IF(A2="(VAZIO)","",A2))=0,"",IF(IF(A2="(VAZIO)","",A2)="TOTAL GERAL","",IF(A2="(VAZIO)","",A2))) -> 144 | E2: =IFERROR(VLOOKUP(D2,A:B,2,0),"") -> 0 | G2: =D2 -> 144
D3: =IF(IF(IF(A3="(VAZIO)","",A3)="TOTAL GERAL","",IF(A3="(VAZIO)","",A3))=0,"",IF(IF(A3="(VAZIO)","",A3)="TOTAL GERAL","",IF(A3="(VAZIO)","",A3))) | E3: =IFERROR(VLOOKUP(D3,A:B,2,0),"")
D4: =IF(IF(IF(A4="(VAZIO)","",A4)="TOTAL GERAL","",IF(A4="(VAZIO)","",A4))=0,"",IF(IF(A4="(VAZIO)","",A4)="TOTAL GERAL","",IF(A4="(VAZIO)","",A4))) | E4: =IFERROR(VLOOKUP(D4,A:B,2,0),"")
D5: =IF(IF(IF(A5="(VAZIO)","",A5)="TOTAL GERAL","",IF(A5="(VAZIO)","",A5))=0,"",IF(IF(A5="(VAZIO)","",A5)="TOTAL GERAL","",IF(A5="(VAZIO)","",A5))) | E5: =IFERROR(VLOOKUP(D5,A:B,2,0),"")
D6: =IF(IF(IF(A6="(VAZIO)","",A6)="TOTAL GERAL","",IF(A6="(VAZIO)","",A6))=0,"",IF(IF(A6="(VAZIO)","",A6)="TOTAL GERAL","",IF(A6="(VAZIO)","",A6))) | E6: =IFERROR(VLOOKUP(D6,A:B,2,0),"")
D7: =IF(IF(IF(A7="(VAZIO)","",A7)="TOTAL GERAL","",IF(A7="(VAZIO)","",A7))=0,"",IF(IF(A7="(VAZIO)","",A7)="TOTAL GERAL","",IF(A7="(VAZIO)","",A7))) | E7: =IFERROR(VLOOKUP(D7,A:B,2,0),"")
D8: =IF(IF(IF(A8="(VAZIO)","",A8)="TOTAL GERAL","",IF(A8="(VAZIO)","",A8))=0,"",IF(IF(A8="(VAZIO)","",A8)="TOTAL GERAL","",IF(A8="(VAZIO)","",A8))) | E8: =IFERROR(VLOOKUP(D8,A:B,2,0),"")
D9: =IF(IF(IF(A9="(VAZIO)","",A9)="TOTAL GERAL","",IF(A9="(VAZIO)","",A9))=0,"",IF(IF(A9="(VAZIO)","",A9)="TOTAL GERAL","",IF(A9="(VAZIO)","",A9))) | E9: =IFERROR(VLOOKUP(D9,A:B,2,0),"")
D10: =IF(IF(IF(A10="(VAZIO)","",A10)="TOTAL GERAL","",IF(A10="(VAZIO)","",A10))=0,"",IF(IF(A10="(VAZIO)","",A10)="TOTAL GERAL","",IF(A10="(VAZIO)","",A10))) | E10: =IFERROR(VLOOKUP(D10,A:B,2,0),"")
D11: =IF(IF(IF(A11="(VAZIO)","",A11)="TOTAL GERAL","",IF(A11="(VAZIO)","",A11))=0,"",IF(IF(A11="(VAZIO)","",A11)="TOTAL GERAL","",IF(A11="(VAZIO)","",A11))) | E11: =IFERROR(VLOOKUP(D11,A:B,2,0),"")
D12: =IF(IF(IF(A12="(VAZIO)","",A12)="TOTAL GERAL","",IF(A12="(VAZIO)","",A12))=0,"",IF(IF(A12="(VAZIO)","",A12)="TOTAL GERAL","",IF(A12="(VAZIO)","",A12))) | E12: =IFERROR(VLOOKUP(D12,A:B,2,0),"")
D13: =IF(IF(IF(A13="(VAZIO)","",A13)="TOTAL GERAL","",IF(A13="(VAZIO)","",A13))=0,"",IF(IF(A13="(VAZIO)","",A13)="TOTAL GERAL","",IF(A13="(VAZIO)","",A13))) | E13: =IFERROR(VLOOKUP(D13,A:B,2,0),"")
D14: =IF(IF(IF(A14="(VAZIO)","",A14)="TOTAL GERAL","",IF(A14="(VAZIO)","",A14))=0,"",IF(IF(A14="(VAZIO)","",A14)="TOTAL GERAL","",IF(A14="(VAZIO)","",A14))) | E14: =IFERROR(VLOOKUP(D14,A:B,2,0),"")
D15: =IF(IF(IF(A15="(VAZIO)","",A15)="TOTAL GERAL","",IF(A15="(VAZIO)","",A15))=0,"",IF(IF(A15="(VAZIO)","",A15)="TOTAL GERAL","",IF(A15="(VAZIO)","",A15))) | E15: =IFERROR(VLOOKUP(D15,A:B,2,0),"")

Sheet PESQUISA DE SATISFAÇÃO 
B2: FORMULÁRIO DE APLICAÇÃO | PESQUISA DE SATISFAÇÃO
B4: Tipo | C4: Dicotômica: Marque com um "x" em Sim se concordar com a afirmação, ou em Não se discordar.
C5: Escalonada: Marque com um "x" para indicar como você se sente em relação à empresa sobre o tema abordado em cada pergunta.
B6: TIPOS DE PERGUNTAS
B7: TIPOS DAS RESPOTAS | C7: DICOTÔMICA | D7: ESCALONADA | L7: NOTA
C8: Sim | D8: Muito Satisfeito(a) | L8: 10
C9: Não | D9: Satisfeito(a) | L9: 9
D10: Indiferente | L10: 8
D11: Insatisfeito(a) | L11: 7
D12: Muito insatisfeito(a) | L12: 6
B14: QUESTIONÁRIO
B15: ID | C15: PERGUNTA | D15: TIPO | F15: =C8 -> Sim | G15: =C9 -> Não | H15: =D8 -> Muito Satisfeito(a) | I15: =D9 -> Satisfeito(a) | J15: =D10 -> Indiferente | K15: =D11 -> Insatisfeito(a) | L15: =D12 -> Muito insatisfeito(a)
B16: 1 | C16: Acessibilidade | D16: Escalonada | F16: =IF($D16=$C$7,"","--") -> -- | G16: =IF($D16=$C$7,"","--") -> -- | H16: =IF($D16=$D$7,"","--") | I16: =IF($D16=$D$7,"","--") | J16: =IF($D16=$D$7,"","--") | K16: =IF($D16=$D$7,"","--") | L16: =IF($D16=$D$7,"","--")
B17: 2 | C17: Estrutura física | D17: Escalonada | F17: =IF($D17=$C$7,"","--") -> -- | G17: =IF($D17=$C$7,"","--") -> -- | H17: =IF($D17=$D$7,"","--") | I17: =IF($D17=$D$7,"","--") | J17: =IF($D17=$D$7,"","--") | K17: =IF($D17=$D$7,"","--") | L17: =IF($D17=$D$7,"","--")
B18: 3 | C18: Ambiente limpo | D18: Escalonada | F18: =IF($D18=$C$7,"","--") -> -- | G18: =IF($D18=$C$7,"","--") -> -- | H18: =IF($D18=$D$7,"","--") | I18: =IF($D18=$D$7,"","--") | J18: =IF($D18=$D$7,"","--") | K18: =IF($D18=$D$7,"","--") | L18: =IF($D18=$D$7,"","--")
B19: 4 | C19: Funcionários atenciosos | D19: Escalonada | F19: =IF($D19=$C$7,"","--") -> -- | G19: =IF($D19=$C$7,"","--") -> -- | H19: =IF($D19=$D$7,"","--") | I19: =IF($D19=$D$7,"","--") | J19: =IF($D19=$D$7,"","--") | K19: =IF($D19=$D$7,"","--") | L19: =IF($D19=$D$7,"","--")
B20: 5 | C20: Resolveu seu problema | D20: Escalonada | F20: =IF($D20=$C$7,"","--") -> -- | G20: =IF($D20=$C$7,"","--") -> -- | H20: =IF($D20=$D$7,"","--") | I20: =IF($D20=$D$7,"","--") | J20: =IF($D20=$D$7,"","--") | K20: =IF($D20=$D$7,"","--") | L20: =IF($D20=$D$7,"","--")
B21: 6 | C21: Informações claras | D21: Escalonada | F21: =IF($D21=$C$7,"","--") -> -- | G21: =IF($D21=$C$7,"","--") -> -- | H21: =IF($D21=$D$7,"","--") | I21: =IF($D21=$D$7,"","--") | J21: =IF($D21=$D$7,"","--") | K21: =IF($D21=$D$7,"","--") | L21: =IF($D21=$D$7,"","--")

Sheet TABELA
A1: Data da Pesquisa | B1: Mês | C1: Nº da Pesquisa | D1: Especialidade | E1: Estado | F1: Acessibilidade | G1: Estrutura física | H1: Ambiente limpo | I1: Funcionários atenciosos | J1: Resolveu seu problema | K1: Informações claras
A2: 45658 | B2: =IF(Tabela1[[#This Row],[Data da Pesquisa]]="","",TEXT(Tabela1[[#This Row],[Data da Pesquisa]],"mmm-aa")) -> jan-25 | C2: Pesquisa 01 | D2: Limpeza de pele | E2: São Paulo | F2: Muito Satisfeito(a) | G2: Muito Satisfeito(a) | H2: Muito Satisfeito(a) | I2: Muito Satisfeito(a) | J2: Muito Satisfeito(a) | K2: Muito Satisfeito(a)
A3: 45658 | B3: =IF(Tabela1[[#This Row],[Data da Pesquisa]]="","",TEXT(Tabela1[[#This Row],[Data da Pesquisa]],"mmm-aa")) -> jan-25 | C3: Pesquisa 01 | D3: Limpeza de pele | E3: São Paulo | F3: Muito Satisfeito(a) | G3: Muito Satisfeito(a) | H3: Muito Satisfeito(a) | I3: Muito Satisfeito(a) | J3: Muito Satisfeito(a) | K3: Muito Satisfeito(a)
A4: 45658 | B4: =IF(Tabela1[[#This Row],[Data da Pesquisa]]="","",TEXT(Tabela1[[#This Row],[Data da Pesquisa]],"mmm-aa")) -> jan-25 | C4: Pesquisa 01 | D4: Limpeza de pele | E4: São Paulo | F4: Muito Satisfeito(a) | G4: Muito Satisfeito(a) | H4: Muito Satisfeito(a) | I4: Muito Satisfeito(a) | J4: Muito Satisfeito(a) | K4: Muito Satisfeito(a)
A5: 45658 | B5: =IF(Tabela1[[#This Row],[Data da Pesquisa]]="","",TEXT(Tabela1[[#This Row],[Data da Pesquisa]],"mmm-aa")) -> jan-25 | C5: Pesquisa 01 | D5: Limpeza de pele | E5: São Paulo | F5: Muito Satisfeito(a) | G5: Muito Satisfeito(a) | H5: Muito Satisfeito(a) | I5: Muito Satisfeito(a) | J5: Muito Satisfeito(a) | K5: Muito Satisfeito(a)
A6: 45658 | B6: =IF(Tabela1[[#This Row],[Data da Pesquisa]]="","",TEXT(Tabela1[[#This Row],[Data da Pesquisa]],"mmm-aa")) -> jan-25 | C6: Pesquisa 01 | D6: Limpeza de pele | E6: São Paulo | F6: Muito Satisfeito(a) | G6: Muito Satisfeito(a) | H6: Muito Satisfeito(a) | I6: Muito Satisfeito(a) | J6: Muito Satisfeito(a) | K6: Muito Satisfeito(a)
A7: 45658 | B7: =IF(Tabela1[[#This Row],[Data da Pesquisa]]="","",TEXT(Tabela1[[#This Row],[Data da Pesquisa]],"mmm-aa")) -> jan-25 | C7: Pesquisa 01 | D7: Limpeza de pele | E7: São Paulo | F7: Muito Satisfeito(a) | G7: Muito Satisfeito(a) | H7: Muito Satisfeito(a) | I7: Muito Satisfeito(a) | J7: Muito Satisfeito(a) | K7: Muito Satisfeito(a)
A8: 45658 | B8: =IF(Tabela1[[#This Row],[Data da Pesquisa]]="","",TEXT(Tabela1[[#This Row],[Data da Pesquisa]],"mmm-aa")) -> jan-25 | C8: Pesquisa 01 | D8: Limpeza de pele | E8: São Paulo | F8: Muito Satisfeito(a) | G8: Muito Satisfeito(a) | H8: Muito Satisfeito(a) | I8: Muito Satisfeito(a) | J8: Muito Satisfeito(a) | K8: Muito Satisfeito(a)
A9: 45658 | B9: =IF(Tabela1[[#This Row],[Data da Pesquisa]]="","",TEXT(Tabela1[[#This Row],[Data da Pesquisa]],"mmm-aa")) -> jan-25 | C9: Pesquisa 01 | D9: Limpeza de pele | E9: São Paulo | F9: Muito Satisfeito(a) | G9: Muito Satisfeito(a) | H9: Muito Satisfeito(a) | I9: Muito Satisfeito(a) | J9: Muito Satisfeito(a) | K9: Muito Satisfeito(a)
A10: 45658 | B10: =IF(Tabela1[[#This Row],[Data da Pesquisa]]="","",TEXT(Tabela1[[#This Row],[Data da Pesquisa]],"mmm-aa")) -> jan-25 | C10: Pesquisa 01 | D10: Limpeza de pele | E10: São Paulo | F10: Idiferente | G10: Muito Satisfeito(a) | H10: Muito Satisfeito(a) | I10: Muito Satisfeito(a) | J10: Muito Satisfeito(a) | K10: Muito Satisfeito(a)
A11: 45658 | B11: =IF(Tabela1[[#This Row],[Data da Pesquisa]]="","",TEXT(Tabela1[[#This Row],[Data da Pesquisa]],"mmm-aa")) -> jan-25 | C11: Pesquisa 01 | D11: Limpeza de pele | E11: São Paulo | F11: Muito Satisfeito(a) | G11: Muito Satisfeito(a) | H11: Muito Satisfeito(a) | I11: Muito Satisfeito(a) | J11: Muito Satisfeito(a) | K11: Muito Satisfeito(a)
A12: 45658 | B12: =IF(Tabela1[[#This Row],[Data da Pesquisa]]="","",TEXT(Tabela1[[#This Row],[Data da Pesquisa]],"mmm-aa")) -> jan-25 | C12: Pesquisa 01 | D12: Limpeza de pele | E12: São Paulo | F12: Muito Satisfeito(a) | G12: Muito Satisfeito(a) | H12: Muito Satisfeito(a) | I12: Muito Satisfeito(a) | J12: Muito Satisfeito(a) | K12: Muito insatisfeito(a)
A13: 45658 | B13: =IF(Tabela1[[#This Row],[Data da Pesquisa]]="","",TEXT(Tabela1[[#This Row],[Data da Pesquisa]],"mmm-aa")) -> jan-25 | C13: Pesquisa 01 | D13: Limpeza de pele | E13: São Paulo | F13: Muito Satisfeito(a) | G13: Muito Satisfeito(a) | H13: Muito Satisfeito(a) | I13: Insatisfeito(a) | J13: Muito Satisfeito(a) | K13: Muito insatisfeito(a)
... A145: 45778 | B145: =IF(Tabela1[[#This Row],[Data da Pesquisa]]="","",TEXT(Tabela1[[#This Row],[Data da Pesquisa]],"mmm-aa")) -> mai-25 | C145: Pesquisa 04 | D145: Massagem Modeladora | E145: São Paulo | F145: Muito Satisfeito(a) | G145: Muito Satisfeito(a) | H145: Muito Satisfeito(a) | I145: Muito Satisfeito(a) | J145: Muito Satisfeito(a) | K145: Muito Satisfeito(a)

Sheet APOIO
H1: =SUM(H3:H7) -> 862 | L1: =SUM(L3:L9) -> 8457 | M1: =IFERROR(L1/H1,"") -> 9.8109049
B2: =Tabela1[[#Headers],[Acessibilidade]] -> Acessibilidade | C2: =Tabela1[[#Headers],[Estrutura física]] -> Estrutura física | D2: =Tabela1[[#Headers],[Ambiente limpo]] -> Ambiente limpo | E2: =Tabela1[[#Headers],[Funcionários atenciosos]] -> Funcionários atenciosos | F2: =Tabela1[[#Headers],[Resolveu seu problema ]] -> Resolveu seu problema | G2: =Tabela1[[#Headers],[Informações claras]] -> Informações claras | H2: TOTAL | I2: %
A3: Muito Satisfeito(a) | B3: =IFERROR(VLOOKUP(A3,ACESSIBILIDADE!A:B,2,0),"") -> 141 | C3: =IFERROR(VLOOKUP(A3,'ESTRUTURA FÍSICA'!A:B,2,0),"") -> 134 | D3: =IFERROR(VLOOKUP(A3,'AMBIENTE LIMPO'!A:B,2,0),"") -> 136 | E3: =IFERROR(VLOOKUP(A3,'FUNCIONÁRIOS ATENCIOSOS'!A:B,2,0),"") -> 132 | F3: =IFERROR(VLOOKUP(A3,'RESOLVEU SEU PROBLEMA'!A:B,2,0),"") -> 141 | G3: =IFERROR(VLOOKUP(A3,'INFORMAÇÕES CLARAS'!A:B,2,0),"") -> 133 | H3: =SUM(B3:G3) -> 817 | I3: =H3/$H$8 -> 0.94779582 | K3: =IFERROR(VLOOKUP(A3,A$16:B$21,2,0),"") -> 10 | L3: =K3*H3 -> 8170
A4: Satisfeito(a) | B4: =IFERROR(VLOOKUP(A4,ACESSIBILIDADE!A:B,2,0),"") | C4: =IFERROR(VLOOKUP(A4,'ESTRUTURA FÍSICA'!A:B,2,0),"") | D4: =IFERROR(VLOOKUP(A4,'AMBIENTE LIMPO'!A:B,2,0),"") | E4: =IFERROR(VLOOKUP(A4,'FUNCIONÁRIOS ATENCIOSOS'!A:B,2,0),"") | F4: =IFERROR(VLOOKUP(A4,'RESOLVEU SEU PROBLEMA'!A:B,2,0),"") | G4: =IFERROR(VLOOKUP(A4,'INFORMAÇÕES CLARAS'!A:B,2,0),"") | H4: =SUM(B4:G4) -> 0 | I4: =H4/$H$8 -> 0 | K4: =IFERROR(VLOOKUP(A4,A$16:B$21,2,0),"") -> 9 | L4: =K4*H4 -> 0
A5: Insatisfeito(a) | B5: =IFERROR(VLOOKUP(A5,ACESSIBILIDADE!A:B,2,0),"") | C5: =IFERROR(VLOOKUP(A5,'ESTRUTURA FÍSICA'!A:B,2,0),"") -> 1 | D5: =IFERROR(VLOOKUP(A5,'AMBIENTE LIMPO'!A:B,2,0),"") | E5: =IFERROR(VLOOKUP(A5,'FUNCIONÁRIOS ATENCIOSOS'!A:B,2,0),"") -> 12 | F5: =IFERROR(VLOOKUP(A5,'RESOLVEU SEU PROBLEMA'!A:B,2,0),"") -> 2 | G5: =IFERROR(VLOOKUP(A5,'INFORMAÇÕES CLARAS'!A:B,2,0),"") | H5: =SUM(B5:G5) -> 15 | I5: =H5/$H$8 -> 0.017401392 | K5: =IFERROR(VLOOKUP(A5,A$16:B$21,2,0),"") -> 7 | L5: =K5*H5 -> 105
A6: Muito insatisfeito(a) | B6: =IFERROR(VLOOKUP(A6,ACESSIBILIDADE!A:B,2,0),"") -> 1 | C6: =IFERROR(VLOOKUP(A6,'ESTRUTURA FÍSICA'!A:B,2,0),"") -> 9 | D6: =IFERROR(VLOOKUP(A6,'AMBIENTE LIMPO'!A:B,2,0),"") -> 8 | E6: =IFERROR(VLOOKUP(A6,'FUNCIONÁRIOS ATENCIOSOS'!A:B,2,0),"") | F6: =IFERROR(VLOOKUP(A6,'RESOLVEU SEU PROBLEMA'!A:B,2,0),"") | G6: =IFERROR(VLOOKUP(A6,'INFORMAÇÕES CLARAS'!A:B,2,0),"") -> 11 | H6: =SUM(B6:G6) -> 29 | I6: =H6/$H$8 -> 0.033642691 | K6: =IFERROR(VLOOKUP(A6,A$16:B$21,2,0),"") -> 6 | L6: =K6*H6 -> 174
A7: Indiferente | B7: =IFERROR(VLOOKUP(A7,ACESSIBILIDADE!A:B,2,0),"") | C7: =IFERROR(VLOOKUP(A7,'ESTRUTURA FÍSICA'!A:B,2,0),"") | D7: =IFERROR(VLOOKUP(A7,'AMBIENTE LIMPO'!A:B,2,0),"") | E7: =IFERROR(VLOOKUP(A7,'FUNCIONÁRIOS ATENCIOSOS'!A:B,2,0),"") | F7: =IFERROR(VLOOKUP(A7,'RESOLVEU SEU PROBLEMA'!A:B,2,0),"") -> 1 | G7: =IFERROR(VLOOKUP(A7,'INFORMAÇÕES CLARAS'!A:B,2,0),"") | H7: =SUM(B7:G7) -> 1 | I7: =H7/$H$8 -> 0.0011600928 | K7: =IFERROR(VLOOKUP(A7,A$16:B$21,2,0),"") -> 8 | L7: =K7*H7 -> 8
B8: =SUM(B3:B7) -> 142 | C8: =SUM(C3:C7) -> 144 | D8: =SUM(D3:D7) -> 144 | E8: =SUM(E3:E7) -> 144 | F8: =SUM(F3:F7) -> 144 | G8: =SUM(G3:G7) -> 144 | H8: =SUM(H3:H7) -> 862 | I8: =H8/$H$8 -> 1 | K8: =IFERROR(VLOOKUP(A8,A$16:B$21,2,0),"")
A16: ESCALONADA | B16: NOTA
A17: Muito Satisfeito(a) | B17: 10
A18: Satisfeito(a) | B18: 9
A19: Indiferente | B19: 8
A20: Insatisfeito(a) | B20: 7
A21: Muito insatisfeito(a) | B21: 6

Sheet DASHBOARD
B4: MÉDIA SATISFAÇÃO | G4: AVALIAÇÕES | I4: QTDE DE RESPOSTAS | L4: % DE RESPOSTAS
B5: =APOIO!M1 -> 9.8109049
G6: POSITIVAS | I6: =APOIO!H3+APOIO!H4 -> 817 | L6: =APOIO!I3+APOIO!I4 -> 0.94779582
G8: NEGATIVAS | I8: =APOIO!H5+APOIO!H6 -> 44 | L8: =APOIO!I5+APOIO!I6 -> 0.051044084
G10: INDIFERENTE | I10: =APOIO!H7 -> 1 | L10: =APOIO!I7 -> 0.0011600928

Sheet ACESSIBILIDADE
A1: Rótulos de Linha | B1: Contagem de Acessibilidade
A2: Muito Insatisfeito(a) | B2: 1
A3: Muito Satisfeito(a) | B3: 141
A4: Idiferente | B4: 2
A5: Total Geral | B5: 144

Sheet ESTRUTURA FÍSICA
A1: Rótulos de Linha | B1: Contagem de Estrutura física
A2: Muito insatisfeito(a) | B2: 9
A3: Muito Satisfeito(a) | B3: 134
A4: Insatisfeito(a) | B4: 1
A5: Total Geral | B5: 144

Sheet AMBIENTE LIMPO
A1: Rótulos de Linha | B1: Contagem de Estrutura física
A2: Muito insatisfeito(a) | B2: 8
A3: Muito Satisfeito(a) | B3: 136
A4: Total Geral | B4: 144

Sheet FUNCIONÁRIOS ATENCIOSOS
A1: Rótulos de Linha | B1: Contagem de Funcionários atenciosos
A2: Muito Satisfeito(a) | B2: 132
A3: Insatisfeito(a) | B3: 12
A4: Total Geral | B4: 144

Sheet RESOLVEU SEU PROBLEMA
A1: Rótulos de Linha | B1: Contagem de Resolveu seu problema
A2: Indiferente | B2: 1
A3: Muito Satisfeito(a) | B3: 141
A4: Insatisfeito(a) | B4: 2
A5: Total Geral | B5: 144

Sheet INFORMAÇÕES CLARAS
A1: Rótulos de Linha | B1: Contagem de Informações claras
A2: Muito insatisfeito(a) | B2: 11
A3: Muito Satisfeito(a) | B3: 133
A4: Total Geral | B4: 144
