Workbook
Name SegmentaçãodeDados_ANO_EMISSOR1: #N/A
Name SegmentaçãodeDados_CARTEIRA1: #N/A
Name SegmentaçãodeDados_Cobrança: #N/A
Name SegmentaçãodeDados_Cobrança1: #N/A
Name SegmentaçãodeDados_EMPRESA: #N/A
Name SegmentaçãodeDados_EMPRESA2: #N/A
Name SegmentaçãodeDados_GRUPO2: #N/A
Name SegmentaçãodeDados_MÊS_EMISSOR1: #N/A
Name SegmentaçãodeDados_Status_de_Cobrança: #N/A
Name SegmentaçãodeDados_Status_de_Pagamento: #N/A
Name SegmentaçãodeDados_UNIDADE2: #N/A
Name SegmentaçãodeDados_VENDEDORES1: #N/A

Sheet OBSERVAÇÕES
B1: OBSERVAÇÕES
A3: 1 | B3: OS IMPUTS DEVERÃO SER LANÇADOS NA ABA "DADOS FINANCEIROS"
A5: 2 | B5: ATUALIZAÇÃO DA PLANILHA IR EM "DADOS" e DEPOIS NO ÍCONE "ATUALIZAR TUDO"
A11: 3 | B11: OS FILTROS AVANÇADOS ESTÃO CONECTADOS NAS SEGUINTES ABAS
C12: DASHBOARD
C13: PAINEL
C14: DADOS FINANCEIROS - TABELA
C15: ACOMPANHAMENTO - TABELA
C16: STATUS NEGOCIAÇÃO - TABELA
B18: QUALQUER FILTRO SE COMUNICARÁ COM AS ABAS
A20: 4 | B20: O RELATÓRIO DE COBRANÇA NÃO TEM VÍNCULO COM AS OUTRAS ABAS NA PLANILHA E É PREENCHIDO MANUALMENTE

Sheet DADOS FINANCEIROS
B2: DATA ATUAL | C2: DIA SEMANA
B3: =TODAY() -> 45795 | C3: =TEXT(B3,"DDDD") -> domingo
A5: DADOS FINANCEIROS | L5: ACOMPANHAMENTO DA COBRANÇA | S5: STATUS DE NEGOCIAÇÃO
A7: UNIDADE | B7: GRUPO | C7: EMPRESA | D7: DOC./NF | E7: DATA DE EMISSÃO | F7: VENCIMENTO ORIGINAL | G7: VENCIMENTO ATUAL | H7: VALOR ORIGINAL | I7: VENDEDORES | J7: CARTEIRA | K7: PAGO | L7: Status de Cobrança | M7: Status de Pagamento | N7: Dias em Atraso | O7: Faixa de Atraso | P7: Título Elegível | Q7: Valor a Faturar | R7: Bloqueio de sistema | S7: Statuts de Negociação | T7: Número de Negociações Feitas | U7: Acordo Fechado? | V7: Data de Negociação | W7: Data da Entrada/Primeira Parcela | X7: Título Quitado? (Sim/Não) | Y7: Valores Vencidos | Z7: Valores a Vencer
A8: Filial | C8: BemEstar | D8: 52 | E8: 45311 | F8: 45313 | G8: 45314 | H8: 1400 | I8: Felipe | J8: ANALISTA LUCAS | K8: NÃO | L8: Promessa de pagamento não cumprida | M8: =IF(K8="Sim", "Quitado", IF(F8<($B$3), "Vencido", IF(F8>=($B$3), "A Vencer", ""))) -> Vencido | N8: =IF(K8="Sim", 0, IF(F8<($B$3), $B$3-F8, IF(F8>=($B$3), F8-$B$3, ""))) -> 482 | O8: =IF(OR(M8="Quitado",M8="A Vencer"),"",IF(N8<=30,"0-30 dias",IF(N8<=60,"31-60 dias","61+ dias"))) -> 61+ dias | P8: =IF(O8="0-30 dias", "Atraso Recente", IF(O8="31-60 dias", "Atraso Médio", IF(O8="61+ dias", "Atraso Crítico", ""))) -> Atraso Crítico | Q8: - | R8: Sim | T8: 1 | U8: Sim | V8: 45740 | W8: 45772 | X8: Acompanhando | Y8: =IF(M8="vencido",H8, "0") -> 1400 | Z8: =IF(M8="A vencer",H8, "0") -> 0
A9: Matriz | B9: Gamma & CIA | C9: Gamma & CIA | D9: 33 | E9: 45337 | G9: 45339 | H9: 2000 | I9: Luana | J9: ANALISTA GUSTAVO | K9: NÃO | L9: Cliente em inadimplência sem previsão de pagamento | M9: =IF(K9="Sim", "Quitado", IF(F9<($B$3), "Vencido", IF(F9>=($B$3), "A Vencer", ""))) -> A Vencer | N9: =IF(K9="Sim", 0, IF(F9<($B$3), $B$3-F9, IF(F9>=($B$3), F9-$B$3, ""))) -> #VALUE! | O9: =IF(OR(M9="Quitado",M9="A Vencer"),"",IF(N9<=30,"0-30 dias",IF(N9<=60,"31-60 dias","61+ dias"))) | P9: =IF(O9="0-30 dias", "Atraso Recente", IF(O9="31-60 dias", "Atraso Médio", IF(O9="61+ dias", "Atraso Crítico", ""))) | Q9: - | R9: Sim | T9: 1 | U9: Sim | V9: 45740 | W9: 45772 | X9: Acompanhando | Y9: =IF(M9="vencido",H9, "0") -> 0 | Z9: =IF(M9="A vencer",H9, "0") -> 2000
A10: Matriz | C10: BemEstar | D10: 34 | E10: 45658 | F10: 45689 | G10: 45737 | H10: 2000 | I10: Luana | J10: ANALISTA GUSTAVO | K10: NÃO | L10: Pagamento em processo (aguardando confirmação bancária) | M10: =IF(K10="Sim", "Quitado", IF(F10<($B$3), "Vencido", IF(F10>=($B$3), "A Vencer", ""))) -> Vencido | N10: =IF(K10="Sim", 0, IF(F10<($B$3), $B$3-F10, IF(F10>=($B$3), F10-$B$3, ""))) -> 106 | O10: =IF(OR(M10="Quitado",M10="A Vencer"),"",IF(N10<=30,"0-30 dias",IF(N10<=60,"31-60 dias","61+ dias"))) -> 61+ dias | P10: =IF(O10="0-30 dias", "Atraso Recente", IF(O10="31-60 dias", "Atraso Médio", IF(O10="61+ dias", "Atraso Crítico", ""))) -> Atraso Crítico | Q10: - | R10: Sim | T10: 1 | U10: Sim | V10: 45740 | W10: 45772 | X10: Acompanhando | Y10: =IF(M10="vencido",H10, "0") -> 2000 | Z10: =IF(M10="A vencer",H10, "0") -> 0
A11: Matriz | B11: Alpha & CIA | C11: Alpha & CIA | D11: 1 | E11: 45658 | F11: 45690 | G11: 45737 | H11: 1000 | I11: João | J11: ANALISTA SIMONE | K11: NÃO | L11: Situação com comercial (aguardando análise comercial) | M11: =IF(K11="Sim", "Quitado", IF(F11<($B$3), "Vencido", IF(F11>=($B$3), "A Vencer", ""))) -> Vencido | N11: =IF(K11="Sim", 0, IF(F11<($B$3), $B$3-F11, IF(F11>=($B$3), F11-$B$3, ""))) -> 105 | O11: =IF(OR(M11="Quitado",M11="A Vencer"),"",IF(N11<=30,"0-30 dias",IF(N11<=60,"31-60 dias","61+ dias"))) -> 61+ dias | P11: =IF(O11="0-30 dias", "Atraso Recente", IF(O11="31-60 dias", "Atraso Médio", IF(O11="61+ dias", "Atraso Crítico", ""))) -> Atraso Crítico | Q11: - | R11: Sim | T11: 1 | U11: Sim | V11: 45740 | W11: 45772 | X11: Acompanhando | Y11: =IF(M11="vencido",H11, "0") -> 1000 | Z11: =IF(M11="A vencer",H11, "0") -> 0
A12: Matriz | B12: Alpha & CIA | C12: Beta | D12: 2 | E12: 45658 | F12: 45690 | G12: 45737 | H12: 1000 | I12: João | J12: ANALISTA SIMONE | K12: NÃO | L12: Aguardando aprovação de crédito | M12: =IF(K12="Sim", "Quitado", IF(F12<($B$3), "Vencido", IF(F12>=($B$3), "A Vencer", ""))) -> Vencido | N12: =IF(K12="Sim", 0, IF(F12<($B$3), $B$3-F12, IF(F12>=($B$3), F12-$B$3, ""))) -> 105 | O12: =IF(OR(M12="Quitado",M12="A Vencer"),"",IF(N12<=30,"0-30 dias",IF(N12<=60,"31-60 dias","61+ dias"))) -> 61+ dias | P12: =IF(O12="0-30 dias", "Atraso Recente", IF(O12="31-60 dias", "Atraso Médio", IF(O12="61+ dias", "Atraso Crítico", ""))) -> Atraso Crítico | Q12: - | R12: Sim | T12: 1 | U12: Sim | V12: 45740 | W12: 45802 | X12: Acompanhando | Y12: =IF(M12="vencido",H12, "0") -> 1000 | Z12: =IF(M12="A vencer",H12, "0") -> 0
A13: Filial | B13: Alpha & CIA | C13: Delta | D13: 3 | E13: 45659 | F13: 45690 | G13: 45737 | H13: 2500 | I13: Maria | J13: ANALISTA SIMONE | K13: NÃO | L13: Cliente não localizado | M13: =IF(K13="Sim", "Quitado", IF(F13<($B$3), "Vencido", IF(F13>=($B$3), "A Vencer", ""))) -> Vencido | N13: =IF(K13="Sim", 0, IF(F13<($B$3), $B$3-F13, IF(F13>=($B$3), F13-$B$3, ""))) -> 105 | O13: =IF(OR(M13="Quitado",M13="A Vencer"),"",IF(N13<=30,"0-30 dias",IF(N13<=60,"31-60 dias","61+ dias"))) -> 61+ dias | P13: =IF(O13="0-30 dias", "Atraso Recente", IF(O13="31-60 dias", "Atraso Médio", IF(O13="61+ dias", "Atraso Crítico", ""))) -> Atraso Crítico | Q13: - | R13: Sim | T13: 1 | U13: Sim | V13: 45740 | W13: 45802 | X13: Acompanhando | Y13: =IF(M13="vencido",H13, "0") -> 2500 | Z13: =IF(M13="A vencer",H13, "0") -> 0
A14: Filial | B14: Alpha & CIA | C14: Delta | D14: 4 | E14: 45659 | F14: 45690 | G14: 45737 | H14: 2500 | I14: Maria | J14: ANALISTA SIMONE | K14: NÃO | L14: Promessa de pagamento refeito | M14: =IF(K14="Sim", "Quitado", IF(F14<($B$3), "Vencido", IF(F14>=($B$3), "A Vencer", ""))) -> Vencido | N14: =IF(K14="Sim", 0, IF(F14<($B$3), $B$3-F14, IF(F14>=($B$3), F14-$B$3, ""))) -> 105 | O14: =IF(OR(M14="Quitado",M14="A Vencer"),"",IF(N14<=30,"0-30 dias",IF(N14<=60,"31-60 dias","61+ dias"))) -> 61+ dias | P14: =IF(O14="0-30 dias", "Atraso Recente", IF(O14="31-60 dias", "Atraso Médio", IF(O14="61+ dias", "Atraso Crítico", ""))) -> Atraso Crítico | Q14: - | R14: Sim | T14: 1 | U14: Sim | V14: 45740 | W14: 45802 | X14: Acompanhando | Y14: =IF(M14="vencido",H14, "0") -> 2500 | Z14: =IF(M14="A vencer",H14, "0") -> 0
A15: Matriz | B15: Alpha & CIA | C15: Theta | D15: 5 | E15: 45662 | F15: 45690 | G15: 45737 | H15: 3000 | I15: Carlos | J15: ANALISTA SIMONE | K15: NÃO | L15: Proposta de renegociação pendente | M15: =IF(K15="Sim", "Quitado", IF(F15<($B$3), "Vencido", IF(F15>=($B$3), "A Vencer", ""))) -> Vencido | N15: =IF(K15="Sim", 0, IF(F15<($B$3), $B$3-F15, IF(F15>=($B$3), F15-$B$3, ""))) -> 105 | O15: =IF(OR(M15="Quitado",M15="A Vencer"),"",IF(N15<=30,"0-30 dias",IF(N15<=60,"31-60 dias","61+ dias"))) -> 61+ dias | P15: =IF(O15="0-30 dias", "Atraso Recente", IF(O15="31-60 dias", "Atraso Médio", IF(O15="61+ dias", "Atraso Crítico", ""))) -> Atraso Crítico | Q15: - | R15: Sim | T15: 1 | U15: Sim | V15: 45740 | W15: 45802 | X15: Acompanhando | Y15: =IF(M15="vencido",H15, "0") -> 3000 | Z15: =IF(M15="A vencer",H15, "0") -> 0
A16: Matriz | B16: Alpha & CIA | C16: Zeta | D16: 6 | E16: 45662 | F16: 45690 | G16: 45737 | H16: 3000 | I16: Carlos | J16: ANALISTA SIMONE | K16: NÃO | L16: Bloqueio de sistema por inadimplência | M16: =IF(K16="Sim", "Quitado", IF(F16<($B$3), "Vencido", IF(F16>=($B$3), "A Vencer", ""))) -> Vencido | N16: =IF(K16="Sim", 0, IF(F16<($B$3), $B$3-F16, IF(F16>=($B$3), F16-$B$3, ""))) -> 105 | O16: =IF(OR(M16="Quitado",M16="A Vencer"),"",IF(N16<=30,"0-30 dias",IF(N16<=60,"31-60 dias","61+ dias"))) -> 61+ dias | P16: =IF(O16="0-30 dias", "Atraso Recente", IF(O16="31-60 dias", "Atraso Médio", IF(O16="61+ dias", "Atraso Crítico", ""))) -> Atraso Crítico | Q16: - | R16: Sim | T16: 1 | U16: Sim | V16: 45740 | W16: 45802 | X16: Acompanhando | Y16: =IF(M16="vencido",H16, "0") -> 3000 | Z16: =IF(M16="A vencer",H16, "0") -> 0
A17: Filial | C17: BemEstar | D17: 7 | E17: 45663 | F17: 45690 | G17: 45737 | H17: 1500 | I17: Ana | J17: ANALISTA SIMONE | K17: NÃO | L17: Acordo em andamento (aguardando pagamento) | M17: =IF(K17="Sim", "Quitado", IF(F17<($B$3), "Vencido", IF(F17>=($B$3), "A Vencer", ""))) -> Vencido | N17: =IF(K17="Sim", 0, IF(F17<($B$3), $B$3-F17, IF(F17>=($B$3), F17-$B$3, ""))) -> 105 | O17: =IF(OR(M17="Quitado",M17="A Vencer"),"",IF(N17<=30,"0-30 dias",IF(N17<=60,"31-60 dias","61+ dias"))) -> 61+ dias | P17: =IF(O17="0-30 dias", "Atraso Recente", IF(O17="31-60 dias", "Atraso Médio", IF(O17="61+ dias", "Atraso Crítico", ""))) -> Atraso Crítico | Q17: - | R17: Sim | T17: 1 | U17: Sim | V17: 45740 | W17: 45802 | X17: Acompanhando | Y17: =IF(M17="vencido",H17, "0") -> 1500 | Z17: =IF(M17="A vencer",H17, "0") -> 0
A18: Filial | C18: BemEstar | D18: 8 | E18: 45663 | F18: 45690 | G18: 45737 | H18: 1500 | I18: Ana | J18: ANALISTA SIMONE | K18: NÃO | L18: Negociação finalizada, pendente de pagamento | M18: =IF(K18="Sim", "Quitado", IF(F18<($B$3), "Vencido", IF(F18>=($B$3), "A Vencer", ""))) -> Vencido | N18: =IF(K18="Sim", 0, IF(F18<($B$3), $B$3-F18, IF(F18>=($B$3), F18-$B$3, ""))) -> 105 | O18: =IF(OR(M18="Quitado",M18="A Vencer"),"",IF(N18<=30,"0-30 dias",IF(N18<=60,"31-60 dias","61+ dias"))) -> 61+ dias | P18: =IF(O18="0-30 dias", "Atraso Recente", IF(O18="31-60 dias", "Atraso Médio", IF(O18="61+ dias", "Atraso Crítico", ""))) -> Atraso Crítico | Q18: - | R18: Sim | T18: 1 | U18: Sim | V18: 45740 | W18: 45802 | X18: Acompanhando | Y18: =IF(M18="vencido",H18, "0") -> 1500 | Z18: =IF(M18="A vencer",H18, "0") -> 0
A19: Matriz | C19: BemEstar | D19: 9 | E19: 45667 | F19: 45698 | G19: 45737 | H19: 2200 | I19: Beatriz | J19: ANALISTA SIMONE | K19: NÃO | L19: Cliente em processo de análise para reativação | M19: =IF(K19="Sim", "Quitado", IF(F19<($B$3), "Vencido", IF(F19>=($B$3), "A Vencer", ""))) -> Vencido | N19: =IF(K19="Sim", 0, IF(F19<($B$3), $B$3-F19, IF(F19>=($B$3), F19-$B$3, ""))) -> 97 | O19: =IF(OR(M19="Quitado",M19="A Vencer"),"",IF(N19<=30,"0-30 dias",IF(N19<=60,"31-60 dias","61+ dias"))) -> 61+ dias | P19: =IF(O19="0-30 dias", "Atraso Recente", IF(O19="31-60 dias", "Atraso Médio", IF(O19="61+ dias", "Atraso Crítico", ""))) -> Atraso Crítico | Q19: - | R19: Sim | T19: 1 | U19: Sim | V19: 45740 | W19: 45802 | X19: Acompanhando | Y19: =IF(M19="vencido",H19, "0") -> 2200 | Z19: =IF(M19="A vencer",H19, "0") -> 0
A20: Matriz | C20: BemEstar | D20: 10 | E20: 45667 | F20: 45699 | G20: 45737 | H20: 2200 | I20: Beatriz | J20: ANALISTA SIMONE | K20: NÃO | L20: Acordo cumprido parcialmente | M20: =IF(K20="Sim", "Quitado", IF(F20<($B$3), "Vencido", IF(F20>=($B$3), "A Vencer", ""))) -> Vencido | N20: =IF(K20="Sim", 0, IF(F20<($B$3), $B$3-F20, IF(F20>=($B$3), F20-$B$3, ""))) -> 96 | O20: =IF(OR(M20="Quitado",M20="A Vencer"),"",IF(N20<=30,"0-30 dias",IF(N20<=60,"31-60 dias","61+ dias"))) -> 61+ dias | P20: =IF(O20="0-30 dias", "Atraso Recente", IF(O20="31-60 dias", "Atraso Médio", IF(O20="61+ dias", "Atraso Crítico", ""))) -> Atraso Crítico | Q20: - | R20: Sim | T20: 1 | U20: Sim | V20: 45740 | W20: 45802 | X20: Acompanhando | Y20: =IF(M20="vencido",H20, "0") -> 2200 | Z20: =IF(M20="A vencer",H20, "0") -> 0
A21: Filial | C21: BemEstar | D21: 11 | E21: 45669 | F21: 45700 | G21: 45701 | H21: 1000 | I21: Lucas | J21: ANALISTA SIMONE | K21: NÃO | L21: Aguardando liberação do financeiro | M21: =IF(K21="Sim", "Quitado", IF(F21<($B$3), "Vencido", IF(F21>=($B$3), "A Vencer", ""))) -> Vencido | N21: =IF(K21="Sim", 0, IF(F21<($B$3), $B$3-F21, IF(F21>=($B$3), F21-$B$3, ""))) -> 95 | O21: =IF(OR(M21="Quitado",M21="A Vencer"),"",IF(N21<=30,"0-30 dias",IF(N21<=60,"31-60 dias","61+ dias"))) -> 61+ dias | P21: =IF(O21="0-30 dias", "Atraso Recente", IF(O21="31-60 dias", "Atraso Médio", IF(O21="61+ dias", "Atraso Crítico", ""))) -> Atraso Crítico | Q21: - | R21: Sim | T21: 1 | U21: Sim | V21: 45740 | W21: 45802 | X21: Acompanhando | Y21: =IF(M21="vencido",H21, "0") -> 1000 | Z21: =IF(M21="A vencer",H21, "0") -> 0
A22: Filial | C22: MundoInovador | D22: 12 | E22: 45669 | F22: 45701 | G22: 45737 | H22: 1000 | I22: Lucas | J22: ANALISTA SIMONE | K22: NÃO | L22: Pagamento em processo (aguardando confirmação bancária) | M22: =IF(K22="Sim", "Quitado", IF(F22<($B$3), "Vencido", IF(F22>=($B$3), "A Vencer", ""))) -> Vencido | N22: =IF(K22="Sim", 0, IF(F22<($B$3), $B$3-F22, IF(F22>=($B$3), F22-$B$3, ""))) -> 94 | O22: =IF(OR(M22="Quitado",M22="A Vencer"),"",IF(N22<=30,"0-30 dias",IF(N22<=60,"31-60 dias","61+ dias"))) -> 61+ dias | P22: =IF(O22="0-30 dias", "Atraso Recente", IF(O22="31-60 dias", "Atraso Médio", IF(O22="61+ dias", "Atraso Crítico", ""))) -> Atraso Crítico | Q22: - | R22: Sim | T22: 1 | U22: Sim | V22: 45740 | W22: 45802 | X22: Acompanhando | Y22: =IF(M22="vencido",H22, "0") -> 1000 | Z22: =IF(M22="A vencer",H22, "0") -> 0
A23: Matriz | B23: Alpha & CIA | C23: Alpha & CIA | D23: 13 | E23: 45672 | F23: 45702 | G23: 45737 | H23: 1500 | I23: Carla | J23: ANALISTA SIMONE | K23: NÃO | L23: Cliente em inadimplência sem previsão de pagamento | M23: =IF(K23="Sim", "Quitado", IF(F23<($B$3), "Vencido", IF(F23>=($B$3), "A Vencer", ""))) -> Vencido | N23: =IF(K23="Sim", 0, IF(F23<($B$3), $B$3-F23, IF(F23>=($B$3), F23-$B$3, ""))) -> 93 | O23: =IF(OR(M23="Quitado",M23="A Vencer"),"",IF(N23<=30,"0-30 dias",IF(N23<=60,"31-60 dias","61+ dias"))) -> 61+ dias | P23: =IF(O23="0-30 dias", "Atraso Recente", IF(O23="31-60 dias", "Atraso Médio", IF(O23="61+ dias", "Atraso Crítico", ""))) -> Atraso Crítico | Q23: - | R23: Sim | T23: 1 | U23: Sim | V23: 45740 | W23: 45802 | X23: Acompanhando | Y23: =IF(M23="vencido",H23, "0") -> 1500 | Z23: =IF(M23="A vencer",H23, "0") -> 0
A24: Matriz | C24: MundoInovador | D24: 14 | E24: 45672 | F24: 45703 | G24: 45737 | H24: 1500 | I24: Carla | J24: ANALISTA SIMONE | K24: NÃO | L24: Pagamento em processo (aguardando confirmação bancária) | M24: =IF(K24="Sim", "Quitado", IF(F24<($B$3), "Vencido", IF(F24>=($B$3), "A Vencer", ""))) -> Vencido | N24: =IF(K24="Sim", 0, IF(F24<($B$3), $B$3-F24, IF(F24>=($B$3), F24-$B$3, ""))) -> 92 | O24: =IF(OR(M24="Quitado",M24="A Vencer"),"",IF(N24<=30,"0-30 dias",IF(N24<=60,"31-60 dias","61+ dias"))) -> 61+ dias | P24: =IF(O24="0-30 dias", "Atraso Recente", IF(O24="31-60 dias", "Atraso Médio", IF(O24="61+ dias", "Atraso Crítico", ""))) -> Atraso Crítico | Q24: - | R24: Sim | T24: 1 | U24: Sim | V24: 45740 | W24: 45802 | X24: Acompanhando | Y24: =IF(M24="vencido",H24, "0") -> 1500 | Z24: =IF(M24="A vencer",H24, "0") -> 0
A25: Filial | B25: Alpha & CIA | C25: Alpha & CIA | D25: 15 | E25: 45675 | F25: 45704 | G25: 45737 | H25: 3000 | I25: Roberto | J25: ANALISTA SIMONE | K25: NÃO | L25: Situação jurídica em andamento (em processo judicial) | M25: =IF(K25="Sim", "Quitado", IF(F25<($B$3), "Vencido", IF(F25>=($B$3), "A Vencer", ""))) -> Vencido | N25: =IF(K25="Sim", 0, IF(F25<($B$3), $B$3-F25, IF(F25>=($B$3), F25-$B$3, ""))) -> 91 | O25: =IF(OR(M25="Quitado",M25="A Vencer"),"",IF(N25<=30,"0-30 dias",IF(N25<=60,"31-60 dias","61+ dias"))) -> 61+ dias | P25: =IF(O25="0-30 dias", "Atraso Recente", IF(O25="31-60 dias", "Atraso Médio", IF(O25="61+ dias", "Atraso Crítico", ""))) -> Atraso Crítico | Q25: - | R25: Sim | T25: 1 | U25: Sim | V25: 45740 | W25: 45802 | X25: Acompanhando | Y25: =IF(M25="vencido",H25, "0") -> 3000 | Z25: =IF(M25="A vencer",H25, "0") -> 0
A26: Filial | C26: MundoInovador | D26: 16 | E26: 45675 | F26: 45705 | G26: 45737 | H26: 3000 | I26: Roberto | J26: ANALISTA SIMONE | K26: NÃO | L26: Cancelamento de cobrança solicitado | M26: =IF(K26="Sim", "Quitado", IF(F26<($B$3), "Vencido", IF(F26>=($B$3), "A Vencer", ""))) -> Vencido | N26: =IF(K26="Sim", 0, IF(F26<($B$3), $B$3-F26, IF(F26>=($B$3), F26-$B$3, ""))) -> 90 | O26: =IF(OR(M26="Quitado",M26="A Vencer"),"",IF(N26<=30,"0-30 dias",IF(N26<=60,"31-60 dias","61+ dias"))) -> 61+ dias | P26: =IF(O26="0-30 dias", "Atraso Recente", IF(O26="31-60 dias", "Atraso Médio", IF(O26="61+ dias", "Atraso Crítico", ""))) -> Atraso Crítico | Q26: - | R26: Sim | T26: 1 | U26: Sim | V26: 45740 | W26: 45802 | X26: Acompanhando | Y26: =IF(M26="vencido",H26, "0") -> 3000 | Z26: =IF(M26="A vencer",H26, "0") -> 0
A27: Matriz | B27: Alpha & CIA | C27: Alpha & CIA | D27: 17 | E27: 45677 | F27: 45706 | G27: 45737 | H27: 2800 | I27: Juliana | J27: ANALISTA SIMONE | K27: NÃO | L27: Cliente alegando dificuldades financeiras | M27: =IF(K27="Sim", "Quitado", IF(F27<($B$3), "Vencido", IF(F27>=($B$3), "A Vencer", ""))) -> Vencido | N27: =IF(K27="Sim", 0, IF(F27<($B$3), $B$3-F27, IF(F27>=($B$3), F27-$B$3, ""))) -> 89 | O27: =IF(OR(M27="Quitado",M27="A Vencer"),"",IF(N27<=30,"0-30 dias",IF(N27<=60,"31-60 dias","61+ dias"))) -> 61+ dias | P27: =IF(O27="0-30 dias", "Atraso Recente", IF(O27="31-60 dias", "Atraso Médio", IF(O27="61+ dias", "Atraso Crítico", ""))) -> Atraso Crítico | Q27: - | R27: Sim | T27: 1 | U27: Sim | V27: 45740 | W27: 45802 | X27: Acompanhando | Y27: =IF(M27="vencido",H27, "0") -> 2800 | Z27: =IF(M27="A vencer",H27, "0") -> 0
A28: Matriz | C28: MundoInovador | D28: 18 | E28: 45677 | F28: 45707 | G28: 45737 | H28: 2800 | I28: Juliana | J28: ANALISTA SIMONE | K28: NÃO | L28: Aguardando resolução interna da empresa | M28: =IF(K28="Sim", "Quitado", IF(F28<($B$3), "Vencido", IF(F28>=($B$3), "A Vencer", ""))) -> Vencido | N28: =IF(K28="Sim", 0, IF(F28<($B$3), $B$3-F28, IF(F28>=($B$3), F28-$B$3, ""))) -> 88 | O28: =IF(OR(M28="Quitado",M28="A Vencer"),"",IF(N28<=30,"0-30 dias",IF(N28<=60,"31-60 dias","61+ dias"))) -> 61+ dias | P28: =IF(O28="0-30 dias", "Atraso Recente", IF(O28="31-60 dias", "Atraso Médio", IF(O28="61+ dias", "Atraso Crítico", ""))) -> Atraso Crítico | Q28: - | R28: Sim | T28: 1 | U28: Sim | V28: 45740 | W28: 45802 | X28: Acompanhando | Y28: =IF(M28="vencido",H28, "0") -> 2800 | Z28: =IF(M28="A vencer",H28, "0") -> 0
A29: Filial | B29: Alpha & CIA | C29: Alpha & CIA | D29: 19 | E29: 45682 | F29: 45708 | G29: 45737 | H29: 1200 | I29: Gustavo | J29: ANALISTA SIMONE | K29: NÃO | L29: Promessa de pagamento não cumprida | M29: =IF(K29="Sim", "Quitado", IF(F29<($B$3), "Vencido", IF(F29>=($B$3), "A Vencer", ""))) -> Vencido | N29: =IF(K29="Sim", 0, IF(F29<($B$3), $B$3-F29, IF(F29>=($B$3), F29-$B$3, ""))) -> 87 | O29: =IF(OR(M29="Quitado",M29="A Vencer"),"",IF(N29<=30,"0-30 dias",IF(N29<=60,"31-60 dias","61+ dias"))) -> 61+ dias | P29: =IF(O29="0-30 dias", "Atraso Recente", IF(O29="31-60 dias", "Atraso Médio", IF(O29="61+ dias", "Atraso Crítico", ""))) -> Atraso Crítico | Q29: - | R29: Sim | T29: 1 | U29: Sim | V29: 45740 | W29: 45802 | X29: Acompanhando | Y29: =IF(M29="vencido",H29, "0") -> 1200 | Z29: =IF(M29="A vencer",H29, "0") -> 0
A30: Matriz | B30: Gamma & CIA | C30: Gamma & CIA | D30: 21 | E30: 45689 | F30: 45708 | G30: 45708 | H30: 2500 | I30: Fernanda | J30: ANALISTA SIMONE | K30: NÃO | L30: Acordo de pagamento pendente | M30: =IF(K30="Sim", "Quitado", IF(F30<($B$3), "Vencido", IF(F30>=($B$3), "A Vencer", ""))) -> Vencido | N30: =IF(K30="Sim", 0, IF(F30<($B$3), $B$3-F30, IF(F30>=($B$3), F30-$B$3, ""))) -> 87 | O30: =IF(OR(M30="Quitado",M30="A Vencer"),"",IF(N30<=30,"0-30 dias",IF(N30<=60,"31-60 dias","61+ dias"))) -> 61+ dias | P30: =IF(O30="0-30 dias", "Atraso Recente", IF(O30="31-60 dias", "Atraso Médio", IF(O30="61+ dias", "Atraso Crítico", ""))) -> Atraso Crítico | Q30: - | R30: Sim | T30: 1 | U30: Sim | V30: 45740 | W30: 45802 | X30: Acompanhando | Y30: =IF(M30="vencido",H30, "0") -> 2500 | Z30: =IF(M30="A vencer",H30, "0") -> 0
A31: Filial | C31: MundoInovador | D31: 20 | E31: 45682 | F31: 45709 | G31: 45709 | H31: 1200 | I31: Gustavo | J31: ANALISTA SIMONE | K31: NÃO | L31: Situação com comercial (aguardando análise comercial) | M31: =IF(K31="Sim", "Quitado", IF(F31<($B$3), "Vencido", IF(F31>=($B$3), "A Vencer", ""))) -> Vencido | N31: =IF(K31="Sim", 0, IF(F31<($B$3), $B$3-F31, IF(F31>=($B$3), F31-$B$3, ""))) -> 86 | O31: =IF(OR(M31="Quitado",M31="A Vencer"),"",IF(N31<=30,"0-30 dias",IF(N31<=60,"31-60 dias","61+ dias"))) -> 61+ dias | P31: =IF(O31="0-30 dias", "Atraso Recente", IF(O31="31-60 dias", "Atraso Médio", IF(O31="61+ dias", "Atraso Crítico", ""))) -> Atraso Crítico | Q31: - | R31: Sim | T31: 1 | U31: Sim | V31: 45740 | W31: 45802 | X31: Acompanhando | Y31: =IF(M31="vencido",H31, "0") -> 1200 | Z31: =IF(M31="A vencer",H31, "0") -> 0
A32: Matriz | C32: MundoInovador | D32: 22 | E32: 45689 | F32: 45709 | G32: 45709 | H32: 2500 | I32: Fernanda | J32: ANALISTA SIMONE | K32: NÃO | L32: Aguardando aprovação de crédito | M32: =IF(K32="Sim", "Quitado", IF(F32<($B$3), "Vencido", IF(F32>=($B$3), "A Vencer", ""))) -> Vencido | N32: =IF(K32="Sim", 0, IF(F32<($B$3), $B$3-F32, IF(F32>=($B$3), F32-$B$3, ""))) -> 86 | O32: =IF(OR(M32="Quitado",M32="A Vencer"),"",IF(N32<=30,"0-30 dias",IF(N32<=60,"31-60 dias","61+ dias"))) -> 61+ dias | P32: =IF(O32="0-30 dias", "Atraso Recente", IF(O32="31-60 dias", "Atraso Médio", IF(O32="61+ dias", "Atraso Crítico", ""))) -> Atraso Crítico | Q32: - | R32: Sim | T32: 1 | U32: Sim | V32: 45740 | W32: 45802 | X32: Acompanhando | Y32: =IF(M32="vencido",H32, "0") -> 2500 | Z32: =IF(M32="A vencer",H32, "0") -> 0
A33: Filial | B33: Gamma & CIA | C33: Gamma & CIA | D33: 23 | E33: 45690 | F33: 45710 | G33: 45710 | H33: 3000 | I33: Felipe | J33: ANALISTA SIMONE | K33: NÃO | L33: Cliente não localizado | M33: =IF(K33="Sim", "Quitado", IF(F33<($B$3), "Vencido", IF(F33>=($B$3), "A Vencer", ""))) -> Vencido | N33: =IF(K33="Sim", 0, IF(F33<($B$3), $B$3-F33, IF(F33>=($B$3), F33-$B$3, ""))) -> 85 | O33: =IF(OR(M33="Quitado",M33="A Vencer"),"",IF(N33<=30,"0-30 dias",IF(N33<=60,"31-60 dias","61+ dias"))) -> 61+ dias | P33: =IF(O33="0-30 dias", "Atraso Recente", IF(O33="31-60 dias", "Atraso Médio", IF(O33="61+ dias", "Atraso Crítico", ""))) -> Atraso Crítico | Q33: - | R33: Sim | T33: 1 | U33: Sim | V33: 45740 | W33: 45740 | X33: Acompanhando | Y33: =IF(M33="vencido",H33, "0") -> 3000 | Z33: =IF(M33="A vencer",H33, "0") -> 0
A34: Filial | C34: MundoInovador | D34: 24 | E34: 45690 | F34: 45711 | G34: 45711 | H34: 3000 | I34: Felipe | J34: ANALISTA GUSTAVO | K34: NÃO | L34: Promessa de pagamento refeito | M34: =IF(K34="Sim", "Quitado", IF(F34<($B$3), "Vencido", IF(F34>=($B$3), "A Vencer", ""))) -> Vencido | N34: =IF(K34="Sim", 0, IF(F34<($B$3), $B$3-F34, IF(F34>=($B$3), F34-$B$3, ""))) -> 84 | O34: =IF(OR(M34="Quitado",M34="A Vencer"),"",IF(N34<=30,"0-30 dias",IF(N34<=60,"31-60 dias","61+ dias"))) -> 61+ dias | P34: =IF(O34="0-30 dias", "Atraso Recente", IF(O34="31-60 dias", "Atraso Médio", IF(O34="61+ dias", "Atraso Crítico", ""))) -> Atraso Crítico | Q34: - | R34: Sim | T34: 1 | U34: Sim | V34: 45740 | W34: 45740 | X34: Acompanhando | Y34: =IF(M34="vencido",H34, "0") -> 3000 | Z34: =IF(M34="A vencer",H34, "0") -> 0
A35: Matriz | B35: Gamma & CIA | C35: Gamma & CIA | D35: 25 | E35: 45693 | F35: 45712 | G35: 45712 | H35: 1200 | I35: Camila | J35: ANALISTA GUSTAVO | K35: NÃO | L35: Proposta de renegociação pendente | M35: =IF(K35="Sim", "Quitado", IF(F35<($B$3), "Vencido", IF(F35>=($B$3), "A Vencer", ""))) -> Vencido | N35: =IF(K35="Sim", 0, IF(F35<($B$3), $B$3-F35, IF(F35>=($B$3), F35-$B$3, ""))) -> 83 | O35: =IF(OR(M35="Quitado",M35="A Vencer"),"",IF(N35<=30,"0-30 dias",IF(N35<=60,"31-60 dias","61+ dias"))) -> 61+ dias | P35: =IF(O35="0-30 dias", "Atraso Recente", IF(O35="31-60 dias", "Atraso Médio", IF(O35="61+ dias", "Atraso Crítico", ""))) -> Atraso Crítico | Q35: - | R35: Sim | T35: 1 | U35: Sim | V35: 45740 | W35: 45740 | X35: Acompanhando | Y35: =IF(M35="vencido",H35, "0") -> 1200 | Z35: =IF(M35="A vencer",H35, "0") -> 0
A36: Matriz | C36: MundoInovador | D36: 26 | E36: 45693 | F36: 45713 | G36: 45713 | H36: 1200 | I36: Camila | J36: ANALISTA GUSTAVO | K36: NÃO | L36: Bloqueio de sistema por inadimplência | M36: =IF(K36="Sim", "Quitado", IF(F36<($B$3), "Vencido", IF(F36>=($B$3), "A Vencer", ""))) -> Vencido | N36: =IF(K36="Sim", 0, IF(F36<($B$3), $B$3-F36, IF(F36>=($B$3), F36-$B$3, ""))) -> 82 | O36: =IF(OR(M36="Quitado",M36="A Vencer"),"",IF(N36<=30,"0-30 dias",IF(N36<=60,"31-60 dias","61+ dias"))) -> 61+ dias | P36: =IF(O36="0-30 dias", "Atraso Recente", IF(O36="31-60 dias", "Atraso Médio", IF(O36="61+ dias", "Atraso Crítico", ""))) -> Atraso Crítico | Q36: - | R36: Sim | T36: 1 | U36: Sim | V36: 45740 | W36: 45740 | X36: Acompanhando | Y36: =IF(M36="vencido",H36, "0") -> 1200 | Z36: =IF(M36="A vencer",H36, "0") -> 0
A37: Filial | B37: Gamma & CIA | C37: Gamma & CIA | D37: 27 | E37: 45694 | F37: 45714 | G37: 45714 | H37: 2000 | I37: Patrícia | J37: ANALISTA GUSTAVO | K37: NÃO | L37: Acordo em andamento (aguardando pagamento) | M37: =IF(K37="Sim", "Quitado", IF(F37<($B$3), "Vencido", IF(F37>=($B$3), "A Vencer", ""))) -> Vencido | N37: =IF(K37="Sim", 0, IF(F37<($B$3), $B$3-F37, IF(F37>=($B$3), F37-$B$3, ""))) -> 81 | O37: =IF(OR(M37="Quitado",M37="A Vencer"),"",IF(N37<=30,"0-30 dias",IF(N37<=60,"31-60 dias","61+ dias"))) -> 61+ dias | P37: =IF(O37="0-30 dias", "Atraso Recente", IF(O37="31-60 dias", "Atraso Médio", IF(O37="61+ dias", "Atraso Crítico", ""))) -> Atraso Crítico | Q37: - | R37: Sim | T37: 1 | U37: Sim | V37: 45740 | W37: 45740 | X37: Acompanhando | Y37: =IF(M37="vencido",H37, "0") -> 2000 | Z37: =IF(M37="A vencer",H37, "0") -> 0
A38: Filial | C38: MundoInovador | D38: 28 | E38: 45694 | F38: 45715 | G38: 45715 | H38: 2000 | I38: Patrícia | J38: ANALISTA GUSTAVO | K38: NÃO | L38: Negociação finalizada, pendente de pagamento | M38: =IF(K38="Sim", "Quitado", IF(F38<($B$3), "Vencido", IF(F38>=($B$3), "A Vencer", ""))) -> Vencido | N38: =IF(K38="Sim", 0, IF(F38<($B$3), $B$3-F38, IF(F38>=($B$3), F38-$B$3, ""))) -> 80 | O38: =IF(OR(M38="Quitado",M38="A Vencer"),"",IF(N38<=30,"0-30 dias",IF(N38<=60,"31-60 dias","61+ dias"))) -> 61+ dias | P38: =IF(O38="0-30 dias", "Atraso Recente", IF(O38="31-60 dias", "Atraso Médio", IF(O38="61+ dias", "Atraso Crítico", ""))) -> Atraso Crítico | Q38: - | R38: Sim | T38: 1 | U38: Sim | V38: 45740 | W38: 45740 | X38: Acompanhando | Y38: =IF(M38="vencido",H38, "0") -> 2000 | Z38: =IF(M38="A vencer",H38, "0") -> 0
A39: Matriz | B39: Gamma & CIA | C39: Gamma & CIA | D39: 29 | E39: 45698 | F39: 45715 | G39: 45715 | H39: 3200 | I39: Tiago | J39: ANALISTA GUSTAVO | K39: NÃO | L39: Cliente em processo de análise para reativação | M39: =IF(K39="Sim", "Quitado", IF(F39<($B$3), "Vencido", IF(F39>=($B$3), "A Vencer", ""))) -> Vencido | N39: =IF(K39="Sim", 0, IF(F39<($B$3), $B$3-F39, IF(F39>=($B$3), F39-$B$3, ""))) -> 80 | O39: =IF(OR(M39="Quitado",M39="A Vencer"),"",IF(N39<=30,"0-30 dias",IF(N39<=60,"31-60 dias","61+ dias"))) -> 61+ dias | P39: =IF(O39="0-30 dias", "Atraso Recente", IF(O39="31-60 dias", "Atraso Médio", IF(O39="61+ dias", "Atraso Crítico", ""))) -> Atraso Crítico | Q39: - | R39: Sim | T39: 1 | U39: Sim | V39: 45740 | W39: 45740 | X39: Acompanhando | Y39: =IF(M39="vencido",H39, "0") -> 3200 | Z39: =IF(M39="A vencer",H39, "0") -> 0
A40: Matriz | C40: SoftLink | D40: 30 | E40: 45698 | F40: 45715 | G40: 45715 | H40: 3200 | I40: Tiago | J40: ANALISTA GUSTAVO | K40: NÃO | L40: Acordo cumprido parcialmente | M40: =IF(K40="Sim", "Quitado", IF(F40<($B$3), "Vencido", IF(F40>=($B$3), "A Vencer", ""))) -> Vencido | N40: =IF(K40="Sim", 0, IF(F40<($B$3), $B$3-F40, IF(F40>=($B$3), F40-$B$3, ""))) -> 80 | O40: =IF(OR(M40="Quitado",M40="A Vencer"),"",IF(N40<=30,"0-30 dias",IF(N40<=60,"31-60 dias","61+ dias"))) -> 61+ dias | P40: =IF(O40="0-30 dias", "Atraso Recente", IF(O40="31-60 dias", "Atraso Médio", IF(O40="61+ dias", "Atraso Crítico", ""))) -> Atraso Crítico | Q40: - | R40: Sim | T40: 1 | U40: Sim | V40: 45740 | W40: 45740 | X40: Acompanhando | Y40: =IF(M40="vencido",H40, "0") -> 3200 | Z40: =IF(M40="A vencer",H40, "0") -> 0
A41: Filial | B41: Gamma & CIA | C41: Gamma & CIA | D41: 31 | E41: 45700 | F41: 45715 | G41: 45715 | H41: 1500 | I41: André | J41: ANALISTA GUSTAVO | K41: NÃO | L41: Aguardando liberação do financeiro | M41: =IF(K41="Sim", "Quitado", IF(F41<($B$3), "Vencido", IF(F41>=($B$3), "A Vencer", ""))) -> Vencido | N41: =IF(K41="Sim", 0, IF(F41<($B$3), $B$3-F41, IF(F41>=($B$3), F41-$B$3, ""))) -> 80 | O41: =IF(OR(M41="Quitado",M41="A Vencer"),"",IF(N41<=30,"0-30 dias",IF(N41<=60,"31-60 dias","61+ dias"))) -> 61+ dias | P41: =IF(O41="0-30 dias", "Atraso Recente", IF(O41="31-60 dias", "Atraso Médio", IF(O41="61+ dias", "Atraso Crítico", ""))) -> Atraso Crítico | Q41: - | R41: Sim | T41: 1 | U41: Sim | V41: 45740 | W41: 45740 | X41: Acompanhando | Y41: =IF(M41="vencido",H41, "0") -> 1500 | Z41: =IF(M41="A vencer",H41, "0") -> 0
A42: Filial | C42: SoftLink | D42: 32 | E42: 45700 | F42: 45715 | G42: 45715 | H42: 1500 | I42: André | J42: ANALISTA GUSTAVO | K42: NÃO | L42: Pagamento em processo (aguardando confirmação bancária) | M42: =IF(K42="Sim", "Quitado", IF(F42<($B$3), "Vencido", IF(F42>=($B$3), "A Vencer", ""))) -> Vencido | N42: =IF(K42="Sim", 0, IF(F42<($B$3), $B$3-F42, IF(F42>=($B$3), F42-$B$3, ""))) -> 80 | O42: =IF(OR(M42="Quitado",M42="A Vencer"),"",IF(N42<=30,"0-30 dias",IF(N42<=60,"31-60 dias","61+ dias"))) -> 61+ dias | P42: =IF(O42="0-30 dias", "Atraso Recente", IF(O42="31-60 dias", "Atraso Médio", IF(O42="61+ dias", "Atraso Crítico", ""))) -> Atraso Crítico | Q42: - | R42: Sim | T42: 1 | U42: Sim | V42: 45740 | W42: 45740 | X42: Acompanhando | Y42: =IF(M42="vencido",H42, "0") -> 1500 | Z42: =IF(M42="A vencer",H42, "0") -> 0
A43: Filial | B43: Gamma & CIA | C43: Gamma & CIA | D43: 35 | E43: 45706 | F43: 45715 | G43: 45715 | H43: 1000 | I43: Pedro | J43: ANALISTA GUSTAVO | K43: NÃO | L43: Situação jurídica em andamento (em processo judicial) | M43: =IF(K43="Sim", "Quitado", IF(F43<($B$3), "Vencido", IF(F43>=($B$3), "A Vencer", ""))) -> Vencido | N43: =IF(K43="Sim", 0, IF(F43<($B$3), $B$3-F43, IF(F43>=($B$3), F43-$B$3, ""))) -> 80 | O43: =IF(OR(M43="Quitado",M43="A Vencer"),"",IF(N43<=30,"0-30 dias",IF(N43<=60,"31-60 dias","61+ dias"))) -> 61+ dias | P43: =IF(O43="0-30 dias", "Atraso Recente", IF(O43="31-60 dias", "Atraso Médio", IF(O43="61+ dias", "Atraso Crítico", ""))) -> Atraso Crítico | Q43: - | R43: Sim | T43: 1 | U43: Sim | V43: 45740 | W43: 45740 | X43: Acompanhando | Y43: =IF(M43="vencido",H43, "0") -> 1000 | Z43: =IF(M43="A vencer",H43, "0") -> 0
A44: Filial | C44: SoftLink | D44: 36 | E44: 45706 | F44: 45715 | G44: 45715 | H44: 1000 | I44: Pedro | J44: ANALISTA GUSTAVO | K44: NÃO | L44: Cancelamento de cobrança solicitado | M44: =IF(K44="Sim", "Quitado", IF(F44<($B$3), "Vencido", IF(F44>=($B$3), "A Vencer", ""))) -> Vencido | N44: =IF(K44="Sim", 0, IF(F44<($B$3), $B$3-F44, IF(F44>=($B$3), F44-$B$3, ""))) -> 80 | O44: =IF(OR(M44="Quitado",M44="A Vencer"),"",IF(N44<=30,"0-30 dias",IF(N44<=60,"31-60 dias","61+ dias"))) -> 61+ dias | P44: =IF(O44="0-30 dias", "Atraso Recente", IF(O44="31-60 dias", "Atraso Médio", IF(O44="61+ dias", "Atraso Crítico", ""))) -> Atraso Crítico | Q44: - | R44: Sim | T44: 1 | U44: Sim | V44: 45740 | W44: 45740 | X44: Acompanhando | Y44: =IF(M44="vencido",H44, "0") -> 1000 | Z44: =IF(M44="A vencer",H44, "0") -> 0
A45: Matriz | B45: Gamma & CIA | C45: Gamma & CIA | D45: 37 | E45: 45708 | F45: 45715 | G45: 45715 | H45: 1800 | I45: Sabrina | J45: ANALISTA GUSTAVO | K45: NÃO | L45: Cliente alegando dificuldades financeiras | M45: =IF(K45="Sim", "Quitado", IF(F45<($B$3), "Vencido", IF(F45>=($B$3), "A Vencer", ""))) -> Vencido | N45: =IF(K45="Sim", 0, IF(F45<($B$3), $B$3-F45, IF(F45>=($B$3), F45-$B$3, ""))) -> 80 | O45: =IF(OR(M45="Quitado",M45="A Vencer"),"",IF(N45<=30,"0-30 dias",IF(N45<=60,"31-60 dias","61+ dias"))) -> 61+ dias | P45: =IF(O45="0-30 dias", "Atraso Recente", IF(O45="31-60 dias", "Atraso Médio", IF(O45="61+ dias", "Atraso Crítico", ""))) -> Atraso Crítico | Q45: - | R45: Sim | T45: 1 | U45: Sim | V45: 45740 | W45: 45740 | X45: Acompanhando | Y45: =IF(M45="vencido",H45, "0") -> 1800 | Z45: =IF(M45="A vencer",H45, "0") -> 0
A46: Matriz | C46: SoftLink | D46: 38 | E46: 45708 | F46: 45715 | G46: 45715 | H46: 1800 | I46: Sabrina | J46: ANALISTA GUSTAVO | K46: NÃO | L46: Aguardando resolução interna da empresa | M46: =IF(K46="Sim", "Quitado", IF(F46<($B$3), "Vencido", IF(F46>=($B$3), "A Vencer", ""))) -> Vencido | N46: =IF(K46="Sim", 0, IF(F46<($B$3), $B$3-F46, IF(F46>=($B$3), F46-$B$3, ""))) -> 80 | O46: =IF(OR(M46="Quitado",M46="A Vencer"),"",IF(N46<=30,"0-30 dias",IF(N46<=60,"31-60 dias","61+ dias"))) -> 61+ dias | P46: =IF(O46="0-30 dias", "Atraso Recente", IF(O46="31-60 dias", "Atraso Médio", IF(O46="61+ dias", "Atraso Crítico", ""))) -> Atraso Crítico | Q46: - | R46: Sim | T46: 1 | U46: Sim | V46: 45740 | W46: 45740 | X46: Acompanhando | Y46: =IF(M46="vencido",H46, "0") -> 1800 | Z46: =IF(M46="A vencer",H46, "0") -> 0
A47: Filial | B47: Gamma & CIA | C47: Gamma & CIA | D47: 39 | E47: 45713 | F47: 45715 | G47: 45715 | H47: 2500 | I47: Marcos | J47: ANALISTA GUSTAVO | K47: NÃO | L47: Promessa de pagamento não cumprida | M47: =IF(K47="Sim", "Quitado", IF(F47<($B$3), "Vencido", IF(F47>=($B$3), "A Vencer", ""))) -> Vencido | N47: =IF(K47="Sim", 0, IF(F47<($B$3), $B$3-F47, IF(F47>=($B$3), F47-$B$3, ""))) -> 80 | O47: =IF(OR(M47="Quitado",M47="A Vencer"),"",IF(N47<=30,"0-30 dias",IF(N47<=60,"31-60 dias","61+ dias"))) -> 61+ dias | P47: =IF(O47="0-30 dias", "Atraso Recente", IF(O47="31-60 dias", "Atraso Médio", IF(O47="61+ dias", "Atraso Crítico", ""))) -> Atraso Crítico | Q47: - | R47: Sim | T47: 1 | U47: Sim | V47: 45740 | W47: 45740 | X47: Acompanhando | Y47: =IF(M47="vencido",H47, "0") -> 2500 | Z47: =IF(M47="A vencer",H47, "0") -> 0
A48: Filial | C48: SoftLink | D48: 40 | E48: 45713 | F48: 45715 | G48: 45715 | H48: 2500 | I48: Marcos | J48: ANALISTA GUSTAVO | K48: NÃO | L48: Acordo de pagamento pendente | M48: =IF(K48="Sim", "Quitado", IF(F48<($B$3), "Vencido", IF(F48>=($B$3), "A Vencer", ""))) -> Vencido | N48: =IF(K48="Sim", 0, IF(F48<($B$3), $B$3-F48, IF(F48>=($B$3), F48-$B$3, ""))) -> 80 | O48: =IF(OR(M48="Quitado",M48="A Vencer"),"",IF(N48<=30,"0-30 dias",IF(N48<=60,"31-60 dias","61+ dias"))) -> 61+ dias | P48: =IF(O48="0-30 dias", "Atraso Recente", IF(O48="31-60 dias", "Atraso Médio", IF(O48="61+ dias", "Atraso Crítico", ""))) -> Atraso Crítico | Q48: - | R48: Sim | T48: 1 | U48: Sim | V48: 45740 | W48: 45740 | X48: Acompanhando | Y48: =IF(M48="vencido",H48, "0") -> 2500 | Z48: =IF(M48="A vencer",H48, "0") -> 0
A49: Matriz | C49: SoftLink | D49: 41 | E49: 45714 | F49: 45715 | G49: 45715 | H49: 1400 | I49: João | J49: ANALISTA GUSTAVO | K49: NÃO | L49: Situação com comercial (aguardando análise comercial) | M49: =IF(K49="Sim", "Quitado", IF(F49<($B$3), "Vencido", IF(F49>=($B$3), "A Vencer", ""))) -> Vencido | N49: =IF(K49="Sim", 0, IF(F49<($B$3), $B$3-F49, IF(F49>=($B$3), F49-$B$3, ""))) -> 80 | O49: =IF(OR(M49="Quitado",M49="A Vencer"),"",IF(N49<=30,"0-30 dias",IF(N49<=60,"31-60 dias","61+ dias"))) -> 61+ dias | P49: =IF(O49="0-30 dias", "Atraso Recente", IF(O49="31-60 dias", "Atraso Médio", IF(O49="61+ dias", "Atraso Crítico", ""))) -> Atraso Crítico | Q49: - | R49: Sim | T49: 1 | U49: Sim | V49: 45740 | W49: 45740 | X49: Acompanhando | Y49: =IF(M49="vencido",H49, "0") -> 1400 | Z49: =IF(M49="A vencer",H49, "0") -> 0
A50: Matriz | C50: SoftLink | D50: 43 | E50: 45718 | F50: 45729 | G50: 45729 | H50: 3000 | I50: Carlos | J50: ANALISTA GUSTAVO | K50: NÃO | L50: Cliente não localizado | M50: =IF(K50="Sim", "Quitado", IF(F50<($B$3), "Vencido", IF(F50>=($B$3), "A Vencer", ""))) -> Vencido | N50: =IF(K50="Sim", 0, IF(F50<($B$3), $B$3-F50, IF(F50>=($B$3), F50-$B$3, ""))) -> 66 | O50: =IF(OR(M50="Quitado",M50="A Vencer"),"",IF(N50<=30,"0-30 dias",IF(N50<=60,"31-60 dias","61+ dias"))) -> 61+ dias | P50: =IF(O50="0-30 dias", "Atraso Recente", IF(O50="31-60 dias", "Atraso Médio", IF(O50="61+ dias", "Atraso Crítico", ""))) -> Atraso Crítico | Q50: - | R50: Sim | T50: 1 | U50: Sim | V50: 45740 | W50: 45740 | X50: Acompanhando | Y50: =IF(M50="vencido",H50, "0") -> 3000 | Z50: =IF(M50="A vencer",H50, "0") -> 0
A51: Filial | C51: SoftLink | D51: 44 | E51: 45721 | F51: 45736 | G51: 45736 | H51: 1700 | I51: Ana | J51: ANALISTA GUSTAVO | K51: NÃO | L51: Promessa de pagamento refeito | M51: =IF(K51="Sim", "Quitado", IF(F51<($B$3), "Vencido", IF(F51>=($B$3), "A Vencer", ""))) -> Vencido | N51: =IF(K51="Sim", 0, IF(F51<($B$3), $B$3-F51, IF(F51>=($B$3), F51-$B$3, ""))) -> 59 | O51: =IF(OR(M51="Quitado",M51="A Vencer"),"",IF(N51<=30,"0-30 dias",IF(N51<=60,"31-60 dias","61+ dias"))) -> 31-60 dias | P51: =IF(O51="0-30 dias", "Atraso Recente", IF(O51="31-60 dias", "Atraso Médio", IF(O51="61+ dias", "Atraso Crítico", ""))) -> Atraso Médio | Q51: - | R51: Sim | T51: 1 | U51: Sim | V51: 45740 | W51: 45740 | X51: Acompanhando | Y51: =IF(M51="vencido",H51, "0") -> 1700 | Z51: =IF(M51="A vencer",H51, "0") -> 0
A52: Matriz | C52: InvestPro | D52: 53 | E52: 45709 | F52: 45737 | G52: 45737 | H52: 2700 | I52: Camila | J52: ANALISTA LUCAS | K52: SIM | L52: Sem Retorno | M52: =IF(K52="Sim", "Quitado", IF(F52<($B$3), "Vencido", IF(F52>=($B$3), "A Vencer", ""))) -> Quitado | N52: =IF(K52="Sim", 0, IF(F52<($B$3), $B$3-F52, IF(F52>=($B$3), F52-$B$3, ""))) -> 0 | O52: =IF(OR(M52="Quitado",M52="A Vencer"),"",IF(N52<=30,"0-30 dias",IF(N52<=60,"31-60 dias","61+ dias"))) | P52: =IF(O52="0-30 dias", "Atraso Recente", IF(O52="31-60 dias", "Atraso Médio", IF(O52="61+ dias", "Atraso Crítico", ""))) | Q52: - | R52: Sim | T52: 1 | U52: Sim | V52: 45740 | W52: 45772 | X52: Acompanhando | Y52: =IF(M52="vencido",H52, "0") -> 0 | Z52: =IF(M52="A vencer",H52, "0") -> 0
A53: Filial | C53: InvestPro | D53: 54 | E53: 45709 | F53: 45737 | G53: 45737 | H53: 1600 | I53: Patrícia | J53: ANALISTA LUCAS | K53: NÃO | L53: Sem Retorno | M53: =IF(K53="Sim", "Quitado", IF(F53<($B$3), "Vencido", IF(F53>=($B$3), "A Vencer", ""))) -> Vencido | N53: =IF(K53="Sim", 0, IF(F53<($B$3), $B$3-F53, IF(F53>=($B$3), F53-$B$3, ""))) -> 58 | O53: =IF(OR(M53="Quitado",M53="A Vencer"),"",IF(N53<=30,"0-30 dias",IF(N53<=60,"31-60 dias","61+ dias"))) -> 31-60 dias | P53: =IF(O53="0-30 dias", "Atraso Recente", IF(O53="31-60 dias", "Atraso Médio", IF(O53="61+ dias", "Atraso Crítico", ""))) -> Atraso Médio | Q53: - | R53: Sim | T53: 1 | U53: Sim | V53: 45740 | W53: 45772 | X53: Acompanhando | Y53: =IF(M53="vencido",H53, "0") -> 1600 | Z53: =IF(M53="A vencer",H53, "0") -> 0
A54: Matriz | C54: InvestPro | D54: 55 | E54: 45709 | F54: 45737 | G54: 45737 | H54: 3000 | I54: Tiago | J54: ANALISTA LUCAS | K54: NÃO | L54: Sem Retorno | M54: =IF(K54="Sim", "Quitado", IF(F54<($B$3), "Vencido", IF(F54>=($B$3), "A Vencer", ""))) -> Vencido | N54: =IF(K54="Sim", 0, IF(F54<($B$3), $B$3-F54, IF(F54>=($B$3), F54-$B$3, ""))) -> 58 | O54: =IF(OR(M54="Quitado",M54="A Vencer"),"",IF(N54<=30,"0-30 dias",IF(N54<=60,"31-60 dias","61+ dias"))) -> 31-60 dias | P54: =IF(O54="0-30 dias", "Atraso Recente", IF(O54="31-60 dias", "Atraso Médio", IF(O54="61+ dias", "Atraso Crítico", ""))) -> Atraso Médio | Q54: - | R54: Sim | T54: 1 | U54: Sim | V54: 45740 | W54: 45772 | X54: Acompanhando | Y54: =IF(M54="vencido",H54, "0") -> 3000 | Z54: =IF(M54="A vencer",H54, "0") -> 0
A55: Filial | C55: InvestPro | D55: 56 | E55: 45709 | F55: 45737 | G55: 45737 | H55: 1800 | I55: André | J55: ANALISTA LUCAS | K55: NÃO | L55: Sem Retorno | M55: =IF(K55="Sim", "Quitado", IF(F55<($B$3), "Vencido", IF(F55>=($B$3), "A Vencer", ""))) -> Vencido | N55: =IF(K55="Sim", 0, IF(F55<($B$3), $B$3-F55, IF(F55>=($B$3), F55-$B$3, ""))) -> 58 | O55: =IF(OR(M55="Quitado",M55="A Vencer"),"",IF(N55<=30,"0-30 dias",IF(N55<=60,"31-60 dias","61+ dias"))) -> 31-60 dias | P55: =IF(O55="0-30 dias", "Atraso Recente", IF(O55="31-60 dias", "Atraso Médio", IF(O55="61+ dias", "Atraso Crítico", ""))) -> Atraso Médio | Q55: - | R55: Sim | T55: 1 | U55: Sim | V55: 45740 | W55: 45772 | X55: Acompanhando | Y55: =IF(M55="vencido",H55, "0") -> 1800 | Z55: =IF(M55="A vencer",H55, "0") -> 0
A56: Matriz | C56: InvestPro | D56: 57 | E56: 45709 | F56: 45737 | G56: 45737 | H56: 2200 | I56: Luana | J56: ANALISTA LUCAS | K56: NÃO | L56: Sem Retorno | M56: =IF(K56="Sim", "Quitado", IF(F56<($B$3), "Vencido", IF(F56>=($B$3), "A Vencer", ""))) -> Vencido | N56: =IF(K56="Sim", 0, IF(F56<($B$3), $B$3-F56, IF(F56>=($B$3), F56-$B$3, ""))) -> 58 | O56: =IF(OR(M56="Quitado",M56="A Vencer"),"",IF(N56<=30,"0-30 dias",IF(N56<=60,"31-60 dias","61+ dias"))) -> 31-60 dias | P56: =IF(O56="0-30 dias", "Atraso Recente", IF(O56="31-60 dias", "Atraso Médio", IF(O56="61+ dias", "Atraso Crítico", ""))) -> Atraso Médio | Q56: - | R56: Sim | T56: 1 | U56: Sim | V56: 45740 | W56: 45772 | X56: Acompanhando | Y56: =IF(M56="vencido",H56, "0") -> 2200 | Z56: =IF(M56="A vencer",H56, "0") -> 0
A57: Filial | C57: InvestPro | D57: 58 | E57: 45709 | F57: 45737 | G57: 45737 | H57: 1500 | I57: Pedro | J57: ANALISTA LUCAS | K57: NÃO | L57: Sem Retorno | M57: =IF(K57="Sim", "Quitado", IF(F57<($B$3), "Vencido", IF(F57>=($B$3), "A Vencer", ""))) -> Vencido | N57: =IF(K57="Sim", 0, IF(F57<($B$3), $B$3-F57, IF(F57>=($B$3), F57-$B$3, ""))) -> 58 | O57: =IF(OR(M57="Quitado",M57="A Vencer"),"",IF(N57<=30,"0-30 dias",IF(N57<=60,"31-60 dias","61+ dias"))) -> 31-60 dias | P57: =IF(O57="0-30 dias", "Atraso Recente", IF(O57="31-60 dias", "Atraso Médio", IF(O57="61+ dias", "Atraso Crítico", ""))) -> Atraso Médio | Q57: - | R57: Sim | T57: 1 | U57: Sim | V57: 45740 | W57: 45772 | X57: Acompanhando | Y57: =IF(M57="vencido",H57, "0") -> 1500 | Z57: =IF(M57="A vencer",H57, "0") -> 0
A58: Matriz | B58: Alpha & CIA | C58: Alpha & CIA | D58: 59 | E58: 45709 | F58: 45737 | G58: 45737 | H58: 2800 | I58: Sabrina | J58: ANALISTA LUCAS | K58: NÃO | L58: Sem Retorno | M58: =IF(K58="Sim", "Quitado", IF(F58<($B$3), "Vencido", IF(F58>=($B$3), "A Vencer", ""))) -> Vencido | N58: =IF(K58="Sim", 0, IF(F58<($B$3), $B$3-F58, IF(F58>=($B$3), F58-$B$3, ""))) -> 58 | O58: =IF(OR(M58="Quitado",M58="A Vencer"),"",IF(N58<=30,"0-30 dias",IF(N58<=60,"31-60 dias","61+ dias"))) -> 31-60 dias | P58: =IF(O58="0-30 dias", "Atraso Recente", IF(O58="31-60 dias", "Atraso Médio", IF(O58="61+ dias", "Atraso Crítico", ""))) -> Atraso Médio | Q58: - | R58: Sim | T58: 1 | U58: Sim | V58: 45740 | W58: 45772 | X58: Acompanhando | Y58: =IF(M58="vencido",H58, "0") -> 2800 | Z58: =IF(M58="A vencer",H58, "0") -> 0
A59: Filial | C59: InvestPro | D59: 60 | E59: 45709 | F59: 45737 | G59: 45737 | H59: 3100 | I59: Marcos | J59: ANALISTA LUCAS | K59: NÃO | L59: Sem Retorno | M59: =IF(K59="Sim", "Quitado", IF(F59<($B$3), "Vencido", IF(F59>=($B$3), "A Vencer", ""))) -> Vencido | N59: =IF(K59="Sim", 0, IF(F59<($B$3), $B$3-F59, IF(F59>=($B$3), F59-$B$3, ""))) -> 58 | O59: =IF(OR(M59="Quitado",M59="A Vencer"),"",IF(N59<=30,"0-30 dias",IF(N59<=60,"31-60 dias","61+ dias"))) -> 31-60 dias | P59: =IF(O59="0-30 dias", "Atraso Recente", IF(O59="31-60 dias", "Atraso Médio", IF(O59="61+ dias", "Atraso Crítico", ""))) -> Atraso Médio | Q59: - | R59: Sim | T59: 1 | U59: Sim | V59: 45740 | W59: 45772 | X59: Acompanhando | Y59: =IF(M59="vencido",H59, "0") -> 3100 | Z59: =IF(M59="A vencer",H59, "0") -> 0
A60: Matriz | C60: InvestPro | D60: 61 | E60: 45709 | F60: 45737 | G60: 45737 | H60: 1900 | I60: João | J60: ANALISTA LUCAS | K60: NÃO | L60: Sem Retorno | M60: =IF(K60="Sim", "Quitado", IF(F60<($B$3), "Vencido", IF(F60>=($B$3), "A Vencer", ""))) -> Vencido | N60: =IF(K60="Sim", 0, IF(F60<($B$3), $B$3-F60, IF(F60>=($B$3), F60-$B$3, ""))) -> 58 | O60: =IF(OR(M60="Quitado",M60="A Vencer"),"",IF(N60<=30,"0-30 dias",IF(N60<=60,"31-60 dias","61+ dias"))) -> 31-60 dias | P60: =IF(O60="0-30 dias", "Atraso Recente", IF(O60="31-60 dias", "Atraso Médio", IF(O60="61+ dias", "Atraso Crítico", ""))) -> Atraso Médio | Q60: - | R60: Sim | T60: 1 | U60: Sim | V60: 45740 | W60: 45772 | X60: Acompanhando | Y60: =IF(M60="vencido",H60, "0") -> 1900 | Z60: =IF(M60="A vencer",H60, "0") -> 0
A61: Filial | C61: NovaHorizonte | D61: 62 | E61: 45709 | F61: 45737 | G61: 45737 | H61: 2300 | I61: Maria | J61: ANALISTA LUCAS | K61: NÃO | L61: Sem Retorno | M61: =IF(K61="Sim", "Quitado", IF(F61<($B$3), "Vencido", IF(F61>=($B$3), "A Vencer", ""))) -> Vencido | N61: =IF(K61="Sim", 0, IF(F61<($B$3), $B$3-F61, IF(F61>=($B$3), F61-$B$3, ""))) -> 58 | O61: =IF(OR(M61="Quitado",M61="A Vencer"),"",IF(N61<=30,"0-30 dias",IF(N61<=60,"31-60 dias","61+ dias"))) -> 31-60 dias | P61: =IF(O61="0-30 dias", "Atraso Recente", IF(O61="31-60 dias", "Atraso Médio", IF(O61="61+ dias", "Atraso Crítico", ""))) -> Atraso Médio | Q61: - | R61: Sim | T61: 1 | U61: Sim | V61: 45740 | W61: 45772 | X61: Acompanhando | Y61: =IF(M61="vencido",H61, "0") -> 2300 | Z61: =IF(M61="A vencer",H61, "0") -> 0
A62: Matriz | C62: NovaHorizonte | D62: 63 | E62: 45709 | F62: 45737 | G62: 45737 | H62: 1700 | I62: Carlos | J62: ANALISTA LUCAS | K62: NÃO | L62: Sem Retorno | M62: =IF(K62="Sim", "Quitado", IF(F62<($B$3), "Vencido", IF(F62>=($B$3), "A Vencer", ""))) -> Vencido | N62: =IF(K62="Sim", 0, IF(F62<($B$3), $B$3-F62, IF(F62>=($B$3), F62-$B$3, ""))) -> 58 | O62: =IF(OR(M62="Quitado",M62="A Vencer"),"",IF(N62<=30,"0-30 dias",IF(N62<=60,"31-60 dias","61+ dias"))) -> 31-60 dias | P62: =IF(O62="0-30 dias", "Atraso Recente", IF(O62="31-60 dias", "Atraso Médio", IF(O62="61+ dias", "Atraso Crítico", ""))) -> Atraso Médio | Q62: - | R62: Sim | T62: 1 | U62: Sim | V62: 45740 | W62: 45772 | X62: Acompanhando | Y62: =IF(M62="vencido",H62, "0") -> 1700 | Z62: =IF(M62="A vencer",H62, "0") -> 0
A63: Filial | C63: NovaHorizonte | D63: 64 | E63: 45709 | F63: 45737 | G63: 45737 | H63: 2200 | I63: Ana | J63: ANALISTA LUCAS | K63: NÃO | L63: Sem Retorno | M63: =IF(K63="Sim", "Quitado", IF(F63<($B$3), "Vencido", IF(F63>=($B$3), "A Vencer", ""))) -> Vencido | N63: =IF(K63="Sim", 0, IF(F63<($B$3), $B$3-F63, IF(F63>=($B$3), F63-$B$3, ""))) -> 58 | O63: =IF(OR(M63="Quitado",M63="A Vencer"),"",IF(N63<=30,"0-30 dias",IF(N63<=60,"31-60 dias","61+ dias"))) -> 31-60 dias | P63: =IF(O63="0-30 dias", "Atraso Recente", IF(O63="31-60 dias", "Atraso Médio", IF(O63="61+ dias", "Atraso Crítico", ""))) -> Atraso Médio | Q63: - | R63: Sim | T63: 1 | U63: Sim | V63: 45740 | W63: 45772 | X63: Acompanhando | Y63: =IF(M63="vencido",H63, "0") -> 2200 | Z63: =IF(M63="A vencer",H63, "0") -> 0
A64: Matriz | C64: NovaHorizonte | D64: 65 | E64: 45709 | F64: 45737 | G64: 45737 | H64: 2500 | I64: Beatriz | J64: ANALISTA LUCAS | K64: NÃO | L64: Sem Retorno | M64: =IF(K64="Sim", "Quitado", IF(F64<($B$3), "Vencido", IF(F64>=($B$3), "A Vencer", ""))) -> Vencido | N64: =IF(K64="Sim", 0, IF(F64<($B$3), $B$3-F64, IF(F64>=($B$3), F64-$B$3, ""))) -> 58 | O64: =IF(OR(M64="Quitado",M64="A Vencer"),"",IF(N64<=30,"0-30 dias",IF(N64<=60,"31-60 dias","61+ dias"))) -> 31-60 dias | P64: =IF(O64="0-30 dias", "Atraso Recente", IF(O64="31-60 dias", "Atraso Médio", IF(O64="61+ dias", "Atraso Crítico", ""))) -> Atraso Médio | Q64: - | R64: Sim | T64: 1 | U64: Sim | V64: 45740 | W64: 45772 | X64: Acompanhando | Y64: =IF(M64="vencido",H64, "0") -> 2500 | Z64: =IF(M64="A vencer",H64, "0") -> 0
A65: Filial | C65: NovaHorizonte | D65: 66 | E65: 45678 | F65: 45678 | G65: 45678 | H65: 2000 | I65: Lucas | J65: ANALISTA LUCAS | K65: NÃO | L65: Sem Retorno | M65: =IF(K65="Sim", "Quitado", IF(F65<($B$3), "Vencido", IF(F65>=($B$3), "A Vencer", ""))) -> Vencido | N65: =IF(K65="Sim", 0, IF(F65<($B$3), $B$3-F65, IF(F65>=($B$3), F65-$B$3, ""))) -> 117 | O65: =IF(OR(M65="Quitado",M65="A Vencer"),"",IF(N65<=30,"0-30 dias",IF(N65<=60,"31-60 dias","61+ dias"))) -> 61+ dias | P65: =IF(O65="0-30 dias", "Atraso Recente", IF(O65="31-60 dias", "Atraso Médio", IF(O65="61+ dias", "Atraso Crítico", ""))) -> Atraso Crítico | Q65: - | R65: Sim | T65: 1 | U65: Sim | V65: 45740 | W65: 45772 | X65: Acompanhando | Y65: =IF(M65="vencido",H65, "0") -> 2000 | Z65: =IF(M65="A vencer",H65, "0") -> 0
A66: Matriz | C66: NovaHorizonte | D66: 67 | E66: 45709 | F66: 45737 | G66: 45737 | H66: 3200 | I66: Carla | J66: ANALISTA LUCAS | K66: NÃO | L66: Sem Retorno | M66: =IF(K66="Sim", "Quitado", IF(F66<($B$3), "Vencido", IF(F66>=($B$3), "A Vencer", ""))) -> Vencido | N66: =IF(K66="Sim", 0, IF(F66<($B$3), $B$3-F66, IF(F66>=($B$3), F66-$B$3, ""))) -> 58 | O66: =IF(OR(M66="Quitado",M66="A Vencer"),"",IF(N66<=30,"0-30 dias",IF(N66<=60,"31-60 dias","61+ dias"))) -> 31-60 dias | P66: =IF(O66="0-30 dias", "Atraso Recente", IF(O66="31-60 dias", "Atraso Médio", IF(O66="61+ dias", "Atraso Crítico", ""))) -> Atraso Médio | Q66: - | R66: Sim | T66: 1 | U66: Sim | V66: 45740 | W66: 45772 | X66: Acompanhando | Y66: =IF(M66="vencido",H66, "0") -> 3200 | Z66: =IF(M66="A vencer",H66, "0") -> 0
A67: Filial | C67: NovaHorizonte | D67: 68 | E67: 45709 | F67: 45737 | G67: 45737 | H67: 1500 | I67: Roberto | J67: ANALISTA LUCAS | K67: NÃO | L67: Sem Retorno | M67: =IF(K67="Sim", "Quitado", IF(F67<($B$3), "Vencido", IF(F67>=($B$3), "A Vencer", ""))) -> Vencido | N67: =IF(K67="Sim", 0, IF(F67<($B$3), $B$3-F67, IF(F67>=($B$3), F67-$B$3, ""))) -> 58 | O67: =IF(OR(M67="Quitado",M67="A Vencer"),"",IF(N67<=30,"0-30 dias",IF(N67<=60,"31-60 dias","61+ dias"))) -> 31-60 dias | P67: =IF(O67="0-30 dias", "Atraso Recente", IF(O67="31-60 dias", "Atraso Médio", IF(O67="61+ dias", "Atraso Crítico", ""))) -> Atraso Médio | Q67: - | R67: Sim | T67: 1 | U67: Sim | V67: 45740 | W67: 45772 | X67: Acompanhando | Y67: =IF(M67="vencido",H67, "0") -> 1500 | Z67: =IF(M67="A vencer",H67, "0") -> 0
A68: Matriz | C68: NovaHorizonte | D68: 69 | E68: 45709 | F68: 45737 | G68: 45737 | H68: 2800 | I68: Juliana | J68: ANALISTA LUCAS | K68: NÃO | L68: Sem Retorno | M68: =IF(K68="Sim", "Quitado", IF(F68<($B$3), "Vencido", IF(F68>=($B$3), "A Vencer", ""))) -> Vencido | N68: =IF(K68="Sim", 0, IF(F68<($B$3), $B$3-F68, IF(F68>=($B$3), F68-$B$3, ""))) -> 58 | O68: =IF(OR(M68="Quitado",M68="A Vencer"),"",IF(N68<=30,"0-30 dias",IF(N68<=60,"31-60 dias","61+ dias"))) -> 31-60 dias | P68: =IF(O68="0-30 dias", "Atraso Recente", IF(O68="31-60 dias", "Atraso Médio", IF(O68="61+ dias", "Atraso Crítico", ""))) -> Atraso Médio | Q68: - | R68: Sim | T68: 1 | U68: Sim | V68: 45740 | W68: 45772 | X68: Acompanhando | Y68: =IF(M68="vencido",H68, "0") -> 2800 | Z68: =IF(M68="A vencer",H68, "0") -> 0
A69: Filial | C69: NovaHorizonte | D69: 70 | E69: 45709 | F69: 45737 | G69: 45737 | H69: 1700 | I69: Gustavo | J69: ANALISTA LUCAS | K69: NÃO | L69: Sem Retorno | M69: =IF(K69="Sim", "Quitado", IF(F69<($B$3), "Vencido", IF(F69>=($B$3), "A Vencer", ""))) -> Vencido | N69: =IF(K69="Sim", 0, IF(F69<($B$3), $B$3-F69, IF(F69>=($B$3), F69-$B$3, ""))) -> 58 | O69: =IF(OR(M69="Quitado",M69="A Vencer"),"",IF(N69<=30,"0-30 dias",IF(N69<=60,"31-60 dias","61+ dias"))) -> 31-60 dias | P69: =IF(O69="0-30 dias", "Atraso Recente", IF(O69="31-60 dias", "Atraso Médio", IF(O69="61+ dias", "Atraso Crítico", ""))) -> Atraso Médio | Q69: - | R69: Sim | T69: 1 | U69: Sim | V69: 45740 | W69: 45772 | X69: Acompanhando | Y69: =IF(M69="vencido",H69, "0") -> 1700 | Z69: =IF(M69="A vencer",H69, "0") -> 0
A70: Matriz | C70: GlobalTech | D70: 71 | E70: 45709 | F70: 45737 | G70: 45737 | H70: 2200 | I70: Fernanda | J70: ANALISTA LUCAS | K70: NÃO | L70: Sem Retorno | M70: =IF(K70="Sim", "Quitado", IF(F70<($B$3), "Vencido", IF(F70>=($B$3), "A Vencer", ""))) -> Vencido | N70: =IF(K70="Sim", 0, IF(F70<($B$3), $B$3-F70, IF(F70>=($B$3), F70-$B$3, ""))) -> 58 | O70: =IF(OR(M70="Quitado",M70="A Vencer"),"",IF(N70<=30,"0-30 dias",IF(N70<=60,"31-60 dias","61+ dias"))) -> 31-60 dias | P70: =IF(O70="0-30 dias", "Atraso Recente", IF(O70="31-60 dias", "Atraso Médio", IF(O70="61+ dias", "Atraso Crítico", ""))) -> Atraso Médio | Q70: - | R70: Sim | T70: 1 | U70: Sim | V70: 45740 | W70: 45772 | X70: Acompanhando | Y70: =IF(M70="vencido",H70, "0") -> 2200 | Z70: =IF(M70="A vencer",H70, "0") -> 0
... A75: Matriz | C75: GlobalTech | D75: 47 | E75: 45728 | F75: 45739 | G75: 45739 | H75: 2500 | I75: Carla | J75: ANALISTA GUSTAVO | K75: NÃO | L75: Acordo em andamento (aguardando pagamento) | M75: =IF(K75="Sim", "Quitado", IF(F75<($B$3), "Vencido", IF(F75>=($B$3), "A Vencer", ""))) -> Vencido | N75: =IF(K75="Sim", 0, IF(F75<($B$3), $B$3-F75, IF(F75>=($B$3), F75-$B$3, ""))) -> 56 | O75: =IF(OR(M75="Quitado",M75="A Vencer"),"",IF(N75<=30,"0-30 dias",IF(N75<=60,"31-60 dias","61+ dias"))) -> 31-60 dias | P75: =IF(O75="0-30 dias", "Atraso Recente", IF(O75="31-60 dias", "Atraso Médio", IF(O75="61+ dias", "Atraso Crítico", ""))) -> Atraso Médio | Q75: - | R75: Não | T75: 1 | U75: Sim | V75: 45740 | W75: 45740 | X75: Acompanhando | Y75: =IF(M75="vencido",H75, "0") -> 2500 | Z75: =IF(M75="A vencer",H75, "0") -> 0
A76: Filial | C76: GlobalTech | D76: 48 | E76: 45731 | F76: 45740 | G76: 45740 | H76: 2300 | I76: Roberto | J76: ANALISTA GUSTAVO | K76: NÃO | L76: Acordo em andamento (aguardando pagamento) | M76: =IF(K76="Sim", "Quitado", IF(F76<($B$3), "Vencido", IF(F76>=($B$3), "A Vencer", ""))) -> Vencido | N76: =IF(K76="Sim", 0, IF(F76<($B$3), $B$3-F76, IF(F76>=($B$3), F76-$B$3, ""))) -> 55 | O76: =IF(OR(M76="Quitado",M76="A Vencer"),"",IF(N76<=30,"0-30 dias",IF(N76<=60,"31-60 dias","61+ dias"))) -> 31-60 dias | P76: =IF(O76="0-30 dias", "Atraso Recente", IF(O76="31-60 dias", "Atraso Médio", IF(O76="61+ dias", "Atraso Crítico", ""))) -> Atraso Médio | Q76: - | R76: Não | U76: Não | V76: 45741 | W76: 45741 | X76: Acompanhando | Y76: =IF(M76="vencido",H76, "0") -> 2300 | Z76: =IF(M76="A vencer",H76, "0") -> 0
A77: Matriz | C77: GlobalTech | D77: 49 | E77: 45734 | F77: 45741 | G77: 45741 | H77: 2200 | I77: Roberto | J77: ANALISTA GUSTAVO | K77: NÃO | L77: Acordo em andamento (aguardando pagamento) | M77: =IF(K77="Sim", "Quitado", IF(F77<($B$3), "Vencido", IF(F77>=($B$3), "A Vencer", ""))) -> Vencido | N77: =IF(K77="Sim", 0, IF(F77<($B$3), $B$3-F77, IF(F77>=($B$3), F77-$B$3, ""))) -> 54 | O77: =IF(OR(M77="Quitado",M77="A Vencer"),"",IF(N77<=30,"0-30 dias",IF(N77<=60,"31-60 dias","61+ dias"))) -> 31-60 dias | P77: =IF(O77="0-30 dias", "Atraso Recente", IF(O77="31-60 dias", "Atraso Médio", IF(O77="61+ dias", "Atraso Crítico", ""))) -> Atraso Médio | Q77: - | R77: Não | U77: Não | V77: 45743 | W77: 45743 | X77: Acompanhando | Y77: =IF(M77="vencido",H77, "0") -> 2200 | Z77: =IF(M77="A vencer",H77, "0") -> 0
A78: Filial | C78: GlobalTech | D78: 50 | E78: 45738 | F78: 45742 | G78: 45742 | H78: 1800 | I78: Gustavo | J78: ANALISTA GUSTAVO | K78: NÃO | L78: Acordo em andamento (aguardando pagamento) | M78: =IF(K78="Sim", "Quitado", IF(F78<($B$3), "Vencido", IF(F78>=($B$3), "A Vencer", ""))) -> Vencido | N78: =IF(K78="Sim", 0, IF(F78<($B$3), $B$3-F78, IF(F78>=($B$3), F78-$B$3, ""))) -> 53 | O78: =IF(OR(M78="Quitado",M78="A Vencer"),"",IF(N78<=30,"0-30 dias",IF(N78<=60,"31-60 dias","61+ dias"))) -> 31-60 dias | P78: =IF(O78="0-30 dias", "Atraso Recente", IF(O78="31-60 dias", "Atraso Médio", IF(O78="61+ dias", "Atraso Crítico", ""))) -> Atraso Médio | Q78: - | R78: Não | U78: Não | V78: 45744 | W78: 45744 | X78: Acompanhando | Y78: =IF(M78="vencido",H78, "0") -> 1800 | Z78: =IF(M78="A vencer",H78, "0") -> 0
A79: Filial | C79: GlobalTech | D79: 42 | E79: 45716 | F79: 45744 | G79: 45744 | H79: 2300 | I79: Maria | J79: ANALISTA GUSTAVO | K79: NÃO | L79: Acordo em andamento (aguardando pagamento) | M79: =IF(K79="Sim", "Quitado", IF(F79<($B$3), "Vencido", IF(F79>=($B$3), "A Vencer", ""))) -> Vencido | N79: =IF(K79="Sim", 0, IF(F79<($B$3), $B$3-F79, IF(F79>=($B$3), F79-$B$3, ""))) -> 51 | O79: =IF(OR(M79="Quitado",M79="A Vencer"),"",IF(N79<=30,"0-30 dias",IF(N79<=60,"31-60 dias","61+ dias"))) -> 31-60 dias | P79: =IF(O79="0-30 dias", "Atraso Recente", IF(O79="31-60 dias", "Atraso Médio", IF(O79="61+ dias", "Atraso Crítico", ""))) -> Atraso Médio | Q79: - | R79: Não | U79: Não | V79: 45745 | W79: 45745 | X79: Acompanhando | Y79: =IF(M79="vencido",H79, "0") -> 2300 | Z79: =IF(M79="A vencer",H79, "0") -> 0

Sheet MÊS EMISSOR
A1: Rótulos de Linha | B1: Soma de VALOR ORIGINAL
A2: fev-24 | B2: 2000
A3: fev-25 | B3: 85500
A4: jan-00 | B4: 0
A5: jan-24 | B5: 1400
A6: jan-25 | B6: 43400
A7: mar-25 | B7: 17500
A8: Total Geral | B8: 149800

Sheet MÊS ORIGINAL
A1: Rótulos de Linha | B1: Soma de VALOR ORIGINAL
B2: 2000
A3: fev-25 | B3: 80200
A4: jan-00 | B4: 0
A5: jan-24 | B5: 1400
A6: jan-25 | B6: 2000
A7: mar-25 | B7: 64200
A8: Total Geral | B8: 149800

Sheet MÊS ATUAL
A1: Rótulos de Linha | B1: Soma de VALOR ORIGINAL
A2: fev-24 | B2: 2000
A3: fev-25 | B3: 41000
A4: jan-00 | B4: 0
A5: jan-24 | B5: 1400
A6: jan-25 | B6: 2000
A7: mar-25 | B7: 103400
A8: Total Geral | B8: 149800

Sheet CARTEIRA
A1: Rótulos de Linha | B1: Soma de VALOR ORIGINAL
A2: 0 | B2: 0
A3: ANALISTA GUSTAVO | B3: 54600
A4: ANALISTA LUCAS | B4: 45600
A5: ANALISTA SIMONE | B5: 49600
A6: Total Geral | B6: 149800

Sheet VENDEDORES
A1: Rótulos de Linha | B1: Soma de VALOR ORIGINAL
A2: 0 | B2: 0
A3: Ana | B3: 6900
A4: André | B4: 4800
A5: Beatriz | B5: 9000
A6: Camila | B6: 5100
A7: Carla | B7: 8700
A8: Carlos | B8: 10700
A9: Felipe | B9: 7400
A10: Fernanda | B10: 10900
A11: Gustavo | B11: 5900
A12: João | B12: 5300
A13: Juliana | B13: 8400
A14: Luana | B14: 6200
... A23: Total Geral | B23: 149800

Sheet VALORES VENCIDO
A1: Rótulos de Linha | B1: Soma de Valores Vencidos2
A2: abr-25 | B2: 48100
A3: jan-00 | B3: 0
A4: mai-25 | B4: 43400
A5: mar-25 | B5: 53600
A6: Total Geral | B6: 145100

Sheet TÍTULO ELEGÍVEL
A1: Rótulos de Linha | B1: Contagem de DOC./NF
A2: 0 | B2: 166
B3: 2
A4: Atraso Crítico | B4: 42
A5: Atraso Médio | B5: 28
A6: Total Geral | B6: 238

Sheet STATUS DE PAGAMENTO
A1: Rótulos de Linha | B1: Contagem de DOC./NF
A2: 0 | B2: 166
A3: A Vencer | B3: 1
A4: Quitado | B4: 1
A5: Vencido | B5: 70
A6: Total Geral | B6: 238

Sheet STATUS DE COBRANÇA
A1: Rótulos de Linha | B1: Contagem de DOC./NF
A2: 0 | B2: 166
A3: Acordo cumprido parcialmente | B3: 2
A4: Acordo de pagamento pendente | B4: 2
A5: Acordo em andamento (aguardando pagamento) | B5: 7
A6: Aguardando aprovação de crédito | B6: 2
A7: Aguardando liberação do financeiro | B7: 2
A8: Aguardando resolução interna da empresa | B8: 2
A9: Bloqueio de sistema por inadimplência | B9: 3
A10: Cancelamento de cobrança solicitado | B10: 2
A11: Cliente alegando dificuldades financeiras | B11: 2
A12: Cliente em inadimplência sem previsão de pagamento | B12: 2
A13: Cliente em processo de análise para reativação | B13: 2
A14: Cliente não localizado | B14: 3
... A23: Total Geral | B23: 238

Sheet UNIDADE
A1: Rótulos de Linha | B1: Soma de VALOR ORIGINAL | C1: Soma de VALOR ORIGINAL2
A2: 0 | B2: 0 | C2: 0
A3: Filial | B3: 69700 | C3: 0.46528705
A4: Matriz | B4: 80100 | C4: 0.53471295
A5: Total Geral | B5: 149800 | C5: 1

Sheet GRUPO
A1: Rótulos de Linha | B1: Soma de VALOR ORIGINAL | C1: Soma de VALOR ORIGINAL2
A2: 0 | B2: 104800 | C2: 0.69959947
A3: Alpha & CIA | B3: 24300 | C3: 0.16221629
A4: Gamma & CIA | B4: 20700 | C4: 0.13818425
A5: Total Geral | B5: 149800 | C5: 1

Sheet EMPRESA - QUANTIDADE
A1: Rótulos de Linha | B1: Soma de DOC./NF
A2: 0 | B2: 0
A3: Alpha & CIA | B3: 124
A4: BemEstar | B4: 131
A5: Beta | B5: 2
A6: Delta | B6: 7
A7: Gamma & CIA | B7: 300
A8: GlobalTech | B8: 521
A9: InvestPro | B9: 454
A10: MundoInovador | B10: 180
A11: NovaHorizonte | B11: 594
A12: SoftLink | B12: 304
A13: Theta | B13: 5
A14: Zeta | B14: 6
A15: Total Geral | B15: 2628

Sheet EMPRESA - VALORES
A1: Rótulos de Linha | B1: Soma de VALOR ORIGINAL | C1: Soma de VALOR ORIGINAL2
A2: 0 | B2: 0 | C2: 0
A3: Alpha & CIA | B3: 12300 | C3: 0.082109479
A4: BemEstar | B4: 11800 | C4: 0.078771696
A5: Beta | B5: 1000 | C5: 0.0066755674
A6: Delta | B6: 5000 | C6: 0.033377837
A7: Gamma & CIA | B7: 20700 | C7: 0.13818425
A8: GlobalTech | B8: 21000 | C8: 0.14018692
A9: InvestPro | B9: 17800 | C9: 0.1188251
A10: MundoInovador | B10: 18200 | C10: 0.12149533
A11: NovaHorizonte | B11: 19900 | C11: 0.13284379
A12: SoftLink | B12: 16100 | C12: 0.10747664
A13: Theta | B13: 3000 | C13: 0.020026702
A14: Zeta | B14: 3000 | C14: 0.020026702
A15: Total Geral | B15: 149800 | C15: 1

Sheet $ COBRANÇAS
A1: Rótulos de Linha | B1: Soma de Valores Vencidos | C1: Soma de Valores Vencidos2
A2: Cobrança Ativa | B2: 61500 | C2: 0.42384562
A3: Cobrança Extrajudicial | B3: 80200 | C3: 0.55272226
A4: Cobrança Amigável | B4: 0 | C4: 0
A5: Cobrança Judicial | B5: 3400 | C5: 0.023432116
B6: 0 | C6: 0
A7: Total Geral | B7: 145100 | C7: 1

Sheet QTDE COBRANÇAS
A1: Rótulos de Linha | B1: Contagem de Cobrança | C1: Contagem de Cobrança2
B2: 166 | C2: 0.69747899
A3: Cobrança Ativa | B3: 28 | C3: 0.11764706
A4: Cobrança Extrajudicial | B4: 40 | C4: 0.16806723
A5: Cobrança Amigável | B5: 1 | C5: 0.0042016807
A6: Cobrança Judicial | B6: 3 | C6: 0.012605042
A7: Total Geral | B7: 238 | C7: 1

Sheet DADOS FINANCEIROS - TABELA
J1: DADOS FINANCEIROS | V1: ACOMPANHAMENTO DA COBRANÇA | AG1: STATUS DA NEGOCIAÇÃO
B3: Rótulos de Linha | C3: =Tabela1[[#Headers],[DOC./NF]] -> DOC./NF | D3: =Tabela1[[#Headers],[UNIDADE]] -> UNIDADE | E3: =Tabela1[[#Headers],[GRUPO]] -> GRUPO | F3: =Tabela1[[#Headers],[EMPRESA]] -> EMPRESA | G3: =Tabela1[[#Headers],[DATA DE EMISSÃO]] -> DATA DE EMISSÃO | H3: =Tabela1[[#Headers],[MÊS EMISSOR]] -> MÊS EMISSOR | I3: =Tabela1[[#Headers],[ANO EMISSOR]] -> ANO EMISSOR | J3: =Tabela1[[#Headers],[VENCIMENTO ORIGINAL]] -> VENCIMENTO ORIGINAL | K3: =Tabela1[[#Headers],[MÊS VENCIMENTO ORIGINAL]] -> MÊS VENCIMENTO ORIGINAL | L3: =Tabela1[[#Headers],[ANO VENCIMENTO ORIGINAL]] -> ANO VENCIMENTO ORIGINAL | M3: =Tabela1[[#Headers],[VENCIMENTO ATUAL]] -> VENCIMENTO ATUAL | N3: =Tabela1[[#Headers],[MÊS ATUAL]] -> MÊS ATUAL | O3: =Tabela1[[#Headers],[ANO ATUAL]] -> ANO ATUAL | P3: =Tabela1[[#Headers],[VALOR ORIGINAL]] -> VALOR ORIGINAL | Q3: =Tabela1[[#Headers],[VENDEDORES]] -> VENDEDORES | R3: =Tabela1[[#Headers],[CARTEIRA]] -> CARTEIRA | S3: =Tabela1[[#Headers],[PAGO]] -> PAGO | T3: =Tabela1[[#Headers],[Status de Cobrança]] -> Status de Cobrança | U3: =Tabela1[[#Headers],[Status de Pagamento]] -> Status de Pagamento | V3: =Tabela1[[#Headers],[Dias em Atraso]] -> Dias em Atraso | W3: =Tabela1[[#Headers],[Faixa de Atraso]] -> Faixa de Atraso | X3: =Tabela1[[#Headers],[Título Elegível]] -> Título Elegível | Y3: =Tabela1[[#Headers],[Valor a Faturar]] -> Valor a Faturar | Z3: =Tabela1[[#Headers],[Bloqueio de sistema ]] -> Bloqueio de sistema | AA3: =Tabela1[[#Headers],[Statuts de Negociação]] -> Statuts de Negociação | AB3: =Tabela1[[#Headers],[Número de Negociações Feitas]] -> Número de Negociações Feitas | AC3: =Tabela1[[#Headers],[Acordo Fechado?]] -> Acordo Fechado? | AD3: =Tabela1[[#Headers],[Data de Negociação]] -> Data de Negociação | AE3: =Tabela1[[#Headers],[MÊS NEGOCIAÇÃO]] -> MÊS NEGOCIAÇÃO | AF3: =Tabela1[[#Headers],[ANO NEGOCIAÇÃO]] -> ANO NEGOCIAÇÃO | AG3: =Tabela1[[#Headers],[Data da Entrada/Primeira Parcela]] -> Data da Entrada/Primeira Parcela | AH3: =Tabela1[[#Headers],[MÊS PRIMEIRA PARCELA]] -> MÊS PRIMEIRA PARCELA | AI3: =Tabela1[[#Headers],[ANO PRIMERA PARCELA]] -> ANO PRIMERA PARCELA | AJ3: =Tabela1[[#Headers],[Título Quitado? (Sim/Não)]] -> Título Quitado? (Sim/Não) | AK3: =Tabela1[[#Headers],[Valores Vencidos]] -> Valores Vencidos | AL3: =Tabela1[[#Headers],[Cobrança3]] -> Cobrança3
B4: 0 | C4: =IF(B4="","",IFERROR(VLOOKUP(B4,'ANÁLISE DE DADOS'!$A:$AM,1,0),"")) -> 0 | D4: =IF(B4="","",IFERROR(VLOOKUP(B4,'ANÁLISE DE DADOS'!$A:$AM,2,0),"")) -> 0 | E4: =IF(B4="","",IFERROR(VLOOKUP(B4,'ANÁLISE DE DADOS'!$A:$AM,3,0),"")) -> 0 | F4: =IF(B4="","",IFERROR(VLOOKUP(B4,'ANÁLISE DE DADOS'!$A:$AM,4,0),"")) -> 0 | G4: =IF(B4="","",IFERROR(VLOOKUP(B4,'ANÁLISE DE DADOS'!$A:$AM,5,0),"")) -> 0 | H4: =IF(B4="","",IFERROR(VLOOKUP(B4,'ANÁLISE DE DADOS'!$A:$AM,6,0),"")) -> jan-00 | I4: =IF(B4="","",IFERROR(VLOOKUP(B4,'ANÁLISE DE DADOS'!$A:$AM,7,0),"")) -> 1900 | J4: =IF(B4="","",IFERROR(VLOOKUP(B4,'ANÁLISE DE DADOS'!$A:$AM,8,0),"")) -> 0 | K4: =IF(B4="","",IFERROR(VLOOKUP(B4,'ANÁLISE DE DADOS'!$A:$AM,9,0),"")) -> jan-00 | L4: =IF(B4="","",IFERROR(VLOOKUP(B4,'ANÁLISE DE DADOS'!$A:$AM,10,0),"")) -> 1900 | M4: =IF(B4="","",IFERROR(VLOOKUP(B4,'ANÁLISE DE DADOS'!$A:$AM,11,0),"")) -> 0 | N4: =IF(B4="","",IFERROR(VLOOKUP(B4,'ANÁLISE DE DADOS'!$A:$AM,12,0),"")) -> jan-00 | O4: =IF(B4="","",IFERROR(VLOOKUP(B4,'ANÁLISE DE DADOS'!$A:$AM,13,0),"")) -> 1900 | P4: =IF(B4="","",IFERROR(VLOOKUP(B4,'ANÁLISE DE DADOS'!$A:$AM,14,0),"")) -> 0 | Q4: =IF(B4="","",IFERROR(VLOOKUP(B4,'ANÁLISE DE DADOS'!$A:$AM,15,0),"")) -> 0 | R4: =IF(B4="","",IFERROR(VLOOKUP(B4,'ANÁLISE DE DADOS'!$A:$AM,16,0),"")) -> 0 | S4: =IF(B4="","",IFERROR(VLOOKUP(B4,'ANÁLISE DE DADOS'!$A:$AM,17,0),"")) -> 0 | T4: =IF(B4="","",IFERROR(VLOOKUP(B4,'ANÁLISE DE DADOS'!$A:$AM,18,0),"")) -> 0 | U4: =IF(B4="","",IFERROR(VLOOKUP(B4,'ANÁLISE DE DADOS'!$A:$AM,19,0),"")) -> 0 | V4: =IF(B4="","",IFERROR(VLOOKUP(B4,'ANÁLISE DE DADOS'!$A:$AM,20,0),"")) -> 0 | W4: =IF(B4="","",IFERROR(VLOOKUP(B4,'ANÁLISE DE DADOS'!$A:$AM,21,0),"")) -> 0 | X4: =IF(B4="","",IFERROR(VLOOKUP(B4,'ANÁLISE DE DADOS'!$A:$AM,22,0),"")) -> 0 | Y4: =IF(B4="","",IFERROR(VLOOKUP(B4,'ANÁLISE DE DADOS'!$A:$AM,23,0),"")) -> 0 | Z4: =IF(B4="","",IFERROR(VLOOKUP(B4,'ANÁLISE DE DADOS'!$A:$AM,24,0),"")) -> 0 | AA4: =IF(B4="","",IFERROR(VLOOKUP(B4,'ANÁLISE DE DADOS'!$A:$AM,25,0),"")) -> 0 | AB4: =IF(B4="","",IFERROR(VLOOKUP(B4,'ANÁLISE DE DADOS'!$A:$AM,26,0),"")) -> 0 | AC4: =IF(B4="","",IFERROR(VLOOKUP(B4,'ANÁLISE DE DADOS'!$A:$AM,27,0),"")) -> 0 | AD4: =IF(B4="","",IFERROR(VLOOKUP(B4,'ANÁLISE DE DADOS'!$A:$AM,28,0),"")) -> 0 | AE4: =IF(B4="","",IFERROR(VLOOKUP(B4,'ANÁLISE DE DADOS'!$A:$AM,29,0),"")) -> jan-00 | AF4: =IF(B4="","",IFERROR(VLOOKUP(B4,'ANÁLISE DE DADOS'!$A:$AM,30,0),"")) -> 1900 | AG4: =IF(B4="","",IFERROR(VLOOKUP(B4,'ANÁLISE DE DADOS'!$A:$AM,31,0),"")) -> 0 | AH4: =IF(B4="","",IFERROR(VLOOKUP(B4,'ANÁLISE DE DADOS'!$A:$AM,32,0),"")) -> jan-00 | AI4: =IF(B4="","",IFERROR(VLOOKUP(B4,'ANÁLISE DE DADOS'!$A:$AM,33,0),"")) -> 1900 | AJ4: =IF(B4="","",IFERROR(VLOOKUP(B4,'ANÁLISE DE DADOS'!$A:$AM,34,0),"")) -> 0 | AK4: =IF(B4="","",IFERROR(VLOOKUP(B4,'ANÁLISE DE DADOS'!$A:$AM,35,0),"")) -> 0 | AL4: =IF(B4="","",IFERROR(VLOOKUP(B4,'ANÁLISE DE DADOS'!$A:$AM,36,0),"")) -> 0
B5: 1 | C5: =IF(B5="","",IFERROR(VLOOKUP(B5,'ANÁLISE DE DADOS'!$A:$AM,1,0),"")) -> 1 | D5: =IF(B5="","",IFERROR(VLOOKUP(B5,'ANÁLISE DE DADOS'!$A:$AM,2,0),"")) -> Matriz | E5: =IF(B5="","",IFERROR(VLOOKUP(B5,'ANÁLISE DE DADOS'!$A:$AM,3,0),"")) -> Alpha & CIA | F5: =IF(B5="","",IFERROR(VLOOKUP(B5,'ANÁLISE DE DADOS'!$A:$AM,4,0),"")) -> Alpha & CIA | G5: =IF(B5="","",IFERROR(VLOOKUP(B5,'ANÁLISE DE DADOS'!$A:$AM,5,0),"")) -> 45658 | H5: =IF(B5="","",IFERROR(VLOOKUP(B5,'ANÁLISE DE DADOS'!$A:$AM,6,0),"")) -> jan-25 | I5: =IF(B5="","",IFERROR(VLOOKUP(B5,'ANÁLISE DE DADOS'!$A:$AM,7,0),"")) -> 2025 | J5: =IF(B5="","",IFERROR(VLOOKUP(B5,'ANÁLISE DE DADOS'!$A:$AM,8,0),"")) -> 45690 | K5: =IF(B5="","",IFERROR(VLOOKUP(B5,'ANÁLISE DE DADOS'!$A:$AM,9,0),"")) -> fev-25 | L5: =IF(B5="","",IFERROR(VLOOKUP(B5,'ANÁLISE DE DADOS'!$A:$AM,10,0),"")) -> 2025 | M5: =IF(B5="","",IFERROR(VLOOKUP(B5,'ANÁLISE DE DADOS'!$A:$AM,11,0),"")) -> 45737 | N5: =IF(B5="","",IFERROR(VLOOKUP(B5,'ANÁLISE DE DADOS'!$A:$AM,12,0),"")) -> mar-25 | O5: =IF(B5="","",IFERROR(VLOOKUP(B5,'ANÁLISE DE DADOS'!$A:$AM,13,0),"")) -> 2025 | P5: =IF(B5="","",IFERROR(VLOOKUP(B5,'ANÁLISE DE DADOS'!$A:$AM,14,0),"")) -> 1000 | Q5: =IF(B5="","",IFERROR(VLOOKUP(B5,'ANÁLISE DE DADOS'!$A:$AM,15,0),"")) -> João | R5: =IF(B5="","",IFERROR(VLOOKUP(B5,'ANÁLISE DE DADOS'!$A:$AM,16,0),"")) -> ANALISTA SIMONE | S5: =IF(B5="","",IFERROR(VLOOKUP(B5,'ANÁLISE DE DADOS'!$A:$AM,17,0),"")) -> NÃO | T5: =IF(B5="","",IFERROR(VLOOKUP(B5,'ANÁLISE DE DADOS'!$A:$AM,18,0),"")) -> Situação com comercial (aguardando análise comercial) | U5: =IF(B5="","",IFERROR(VLOOKUP(B5,'ANÁLISE DE DADOS'!$A:$AM,19,0),"")) -> Vencido | V5: =IF(B5="","",IFERROR(VLOOKUP(B5,'ANÁLISE DE DADOS'!$A:$AM,20,0),"")) -> 105 | W5: =IF(B5="","",IFERROR(VLOOKUP(B5,'ANÁLISE DE DADOS'!$A:$AM,21,0),"")) -> 61+ dias | X5: =IF(B5="","",IFERROR(VLOOKUP(B5,'ANÁLISE DE DADOS'!$A:$AM,22,0),"")) -> Atraso Crítico | Y5: =IF(B5="","",IFERROR(VLOOKUP(B5,'ANÁLISE DE DADOS'!$A:$AM,23,0),"")) -> - | Z5: =IF(B5="","",IFERROR(VLOOKUP(B5,'ANÁLISE DE DADOS'!$A:$AM,24,0),"")) -> Sim | AA5: =IF(B5="","",IFERROR(VLOOKUP(B5,'ANÁLISE DE DADOS'!$A:$AM,25,0),"")) -> 0 | AB5: =IF(B5="","",IFERROR(VLOOKUP(B5,'ANÁLISE DE DADOS'!$A:$AM,26,0),"")) -> 1 | AC5: =IF(B5="","",IFERROR(VLOOKUP(B5,'ANÁLISE DE DADOS'!$A:$AM,27,0),"")) -> Sim | AD5: =IF(B5="","",IFERROR(VLOOKUP(B5,'ANÁLISE DE DADOS'!$A:$AM,28,0),"")) -> 45740 | AE5: =IF(B5="","",IFERROR(VLOOKUP(B5,'ANÁLISE DE DADOS'!$A:$AM,29,0),"")) -> mar-25 | AF5: =IF(B5="","",IFERROR(VLOOKUP(B5,'ANÁLISE DE DADOS'!$A:$AM,30,0),"")) -> 2025 | AG5: =IF(B5="","",IFERROR(VLOOKUP(B5,'ANÁLISE DE DADOS'!$A:$AM,31,0),"")) -> 45772 | AH5: =IF(B5="","",IFERROR(VLOOKUP(B5,'ANÁLISE DE DADOS'!$A:$AM,32,0),"")) -> abr-25 | AI5: =IF(B5="","",IFERROR(VLOOKUP(B5,'ANÁLISE DE DADOS'!$A:$AM,33,0),"")) -> 2025 | AJ5: =IF(B5="","",IFERROR(VLOOKUP(B5,'ANÁLISE DE DADOS'!$A:$AM,34,0),"")) -> Acompanhando | AK5: =IF(B5="","",IFERROR(VLOOKUP(B5,'ANÁLISE DE DADOS'!$A:$AM,35,0),"")) -> 1000 | AL5: =IF(B5="","",IFERROR(VLOOKUP(B5,'ANÁLISE DE DADOS'!$A:$AM,36,0),"")) -> 0
B6: 2 | C6: =IF(B6="","",IFERROR(VLOOKUP(B6,'ANÁLISE DE DADOS'!$A:$AM,1,0),"")) -> 2 | D6: =IF(B6="","",IFERROR(VLOOKUP(B6,'ANÁLISE DE DADOS'!$A:$AM,2,0),"")) -> Matriz | E6: =IF(B6="","",IFERROR(VLOOKUP(B6,'ANÁLISE DE DADOS'!$A:$AM,3,0),"")) -> Alpha & CIA | F6: =IF(B6="","",IFERROR(VLOOKUP(B6,'ANÁLISE DE DADOS'!$A:$AM,4,0),"")) -> Beta | G6: =IF(B6="","",IFERROR(VLOOKUP(B6,'ANÁLISE DE DADOS'!$A:$AM,5,0),"")) -> 45658 | H6: =IF(B6="","",IFERROR(VLOOKUP(B6,'ANÁLISE DE DADOS'!$A:$AM,6,0),"")) -> jan-25 | I6: =IF(B6="","",IFERROR(VLOOKUP(B6,'ANÁLISE DE DADOS'!$A:$AM,7,0),"")) -> 2025 | J6: =IF(B6="","",IFERROR(VLOOKUP(B6,'ANÁLISE DE DADOS'!$A:$AM,8,0),"")) -> 45690 | K6: =IF(B6="","",IFERROR(VLOOKUP(B6,'ANÁLISE DE DADOS'!$A:$AM,9,0),"")) -> fev-25 | L6: =IF(B6="","",IFERROR(VLOOKUP(B6,'ANÁLISE DE DADOS'!$A:$AM,10,0),"")) -> 2025 | M6: =IF(B6="","",IFERROR(VLOOKUP(B6,'ANÁLISE DE DADOS'!$A:$AM,11,0),"")) -> 45737 | N6: =IF(B6="","",IFERROR(VLOOKUP(B6,'ANÁLISE DE DADOS'!$A:$AM,12,0),"")) -> mar-25 | O6: =IF(B6="","",IFERROR(VLOOKUP(B6,'ANÁLISE DE DADOS'!$A:$AM,13,0),"")) -> 2025 | P6: =IF(B6="","",IFERROR(VLOOKUP(B6,'ANÁLISE DE DADOS'!$A:$AM,14,0),"")) -> 1000 | Q6: =IF(B6="","",IFERROR(VLOOKUP(B6,'ANÁLISE DE DADOS'!$A:$AM,15,0),"")) -> João | R6: =IF(B6="","",IFERROR(VLOOKUP(B6,'ANÁLISE DE DADOS'!$A:$AM,16,0),"")) -> ANALISTA SIMONE | S6: =IF(B6="","",IFERROR(VLOOKUP(B6,'ANÁLISE DE DADOS'!$A:$AM,17,0),"")) -> NÃO | T6: =IF(B6="","",IFERROR(VLOOKUP(B6,'ANÁLISE DE DADOS'!$A:$AM,18,0),"")) -> Aguardando aprovação de crédito | U6: =IF(B6="","",IFERROR(VLOOKUP(B6,'ANÁLISE DE DADOS'!$A:$AM,19,0),"")) -> Vencido | V6: =IF(B6="","",IFERROR(VLOOKUP(B6,'ANÁLISE DE DADOS'!$A:$AM,20,0),"")) -> 105 | W6: =IF(B6="","",IFERROR(VLOOKUP(B6,'ANÁLISE DE DADOS'!$A:$AM,21,0),"")) -> 61+ dias | X6: =IF(B6="","",IFERROR(VLOOKUP(B6,'ANÁLISE DE DADOS'!$A:$AM,22,0),"")) -> Atraso Crítico | Y6: =IF(B6="","",IFERROR(VLOOKUP(B6,'ANÁLISE DE DADOS'!$A:$AM,23,0),"")) -> - | Z6: =IF(B6="","",IFERROR(VLOOKUP(B6,'ANÁLISE DE DADOS'!$A:$AM,24,0),"")) -> Sim | AA6: =IF(B6="","",IFERROR(VLOOKUP(B6,'ANÁLISE DE DADOS'!$A:$AM,25,0),"")) -> 0 | AB6: =IF(B6="","",IFERROR(VLOOKUP(B6,'ANÁLISE DE DADOS'!$A:$AM,26,0),"")) -> 1 | AC6: =IF(B6="","",IFERROR(VLOOKUP(B6,'ANÁLISE DE DADOS'!$A:$AM,27,0),"")) -> Sim | AD6: =IF(B6="","",IFERROR(VLOOKUP(B6,'ANÁLISE DE DADOS'!$A:$AM,28,0),"")) -> 45740 | AE6: =IF(B6="","",IFERROR(VLOOKUP(B6,'ANÁLISE DE DADOS'!$A:$AM,29,0),"")) -> mar-25 | AF6: =IF(B6="","",IFERROR(VLOOKUP(B6,'ANÁLISE DE DADOS'!$A:$AM,30,0),"")) -> 2025 | AG6: =IF(B6="","",IFERROR(VLOOKUP(B6,'ANÁLISE DE DADOS'!$A:$AM,31,0),"")) -> 45802 | AH6: =IF(B6="","",IFERROR(VLOOKUP(B6,'ANÁLISE DE DADOS'!$A:$AM,32,0),"")) -> mai-25 | AI6: =IF(B6="","",IFERROR(VLOOKUP(B6,'ANÁLISE DE DADOS'!$A:$AM,33,0),"")) -> 2025 | AJ6: =IF(B6="","",IFERROR(VLOOKUP(B6,'ANÁLISE DE DADOS'!$A:$AM,34,0),"")) -> Acompanhando | AK6: =IF(B6="","",IFERROR(VLOOKUP(B6,'ANÁLISE DE DADOS'!$A:$AM,35,0),"")) -> 1000 | AL6: =IF(B6="","",IFERROR(VLOOKUP(B6,'ANÁLISE DE DADOS'!$A:$AM,36,0),"")) -> 0
B7: 3 | C7: =IF(B7="","",IFERROR(VLOOKUP(B7,'ANÁLISE DE DADOS'!$A:$AM,1,0),"")) -> 3 | D7: =IF(B7="","",IFERROR(VLOOKUP(B7,'ANÁLISE DE DADOS'!$A:$AM,2,0),"")) -> Filial | E7: =IF(B7="","",IFERROR(VLOOKUP(B7,'ANÁLISE DE DADOS'!$A:$AM,3,0),"")) -> Alpha & CIA | F7: =IF(B7="","",IFERROR(VLOOKUP(B7,'ANÁLISE DE DADOS'!$A:$AM,4,0),"")) -> Delta | G7: =IF(B7="","",IFERROR(VLOOKUP(B7,'ANÁLISE DE DADOS'!$A:$AM,5,0),"")) -> 45659 | H7: =IF(B7="","",IFERROR(VLOOKUP(B7,'ANÁLISE DE DADOS'!$A:$AM,6,0),"")) -> jan-25 | I7: =IF(B7="","",IFERROR(VLOOKUP(B7,'ANÁLISE DE DADOS'!$A:$AM,7,0),"")) -> 2025 | J7: =IF(B7="","",IFERROR(VLOOKUP(B7,'ANÁLISE DE DADOS'!$A:$AM,8,0),"")) -> 45690 | K7: =IF(B7="","",IFERROR(VLOOKUP(B7,'ANÁLISE DE DADOS'!$A:$AM,9,0),"")) -> fev-25 | L7: =IF(B7="","",IFERROR(VLOOKUP(B7,'ANÁLISE DE DADOS'!$A:$AM,10,0),"")) -> 2025 | M7: =IF(B7="","",IFERROR(VLOOKUP(B7,'ANÁLISE DE DADOS'!$A:$AM,11,0),"")) -> 45737 | N7: =IF(B7="","",IFERROR(VLOOKUP(B7,'ANÁLISE DE DADOS'!$A:$AM,12,0),"")) -> mar-25 | O7: =IF(B7="","",IFERROR(VLOOKUP(B7,'ANÁLISE DE DADOS'!$A:$AM,13,0),"")) -> 2025 | P7: =IF(B7="","",IFERROR(VLOOKUP(B7,'ANÁLISE DE DADOS'!$A:$AM,14,0),"")) -> 2500 | Q7: =IF(B7="","",IFERROR(VLOOKUP(B7,'ANÁLISE DE DADOS'!$A:$AM,15,0),"")) -> Maria | R7: =IF(B7="","",IFERROR(VLOOKUP(B7,'ANÁLISE DE DADOS'!$A:$AM,16,0),"")) -> ANALISTA SIMONE | S7: =IF(B7="","",IFERROR(VLOOKUP(B7,'ANÁLISE DE DADOS'!$A:$AM,17,0),"")) -> NÃO | T7: =IF(B7="","",IFERROR(VLOOKUP(B7,'ANÁLISE DE DADOS'!$A:$AM,18,0),"")) -> Cliente não localizado | U7: =IF(B7="","",IFERROR(VLOOKUP(B7,'ANÁLISE DE DADOS'!$A:$AM,19,0),"")) -> Vencido | V7: =IF(B7="","",IFERROR(VLOOKUP(B7,'ANÁLISE DE DADOS'!$A:$AM,20,0),"")) -> 105 | W7: =IF(B7="","",IFERROR(VLOOKUP(B7,'ANÁLISE DE DADOS'!$A:$AM,21,0),"")) -> 61+ dias | X7: =IF(B7="","",IFERROR(VLOOKUP(B7,'ANÁLISE DE DADOS'!$A:$AM,22,0),"")) -> Atraso Crítico | Y7: =IF(B7="","",IFERROR(VLOOKUP(B7,'ANÁLISE DE DADOS'!$A:$AM,23,0),"")) -> - | Z7: =IF(B7="","",IFERROR(VLOOKUP(B7,'ANÁLISE DE DADOS'!$A:$AM,24,0),"")) -> Sim | AA7: =IF(B7="","",IFERROR(VLOOKUP(B7,'ANÁLISE DE DADOS'!$A:$AM,25,0),"")) -> 0 | AB7: =IF(B7="","",IFERROR(VLOOKUP(B7,'ANÁLISE DE DADOS'!$A:$AM,26,0),"")) -> 1 | AC7: =IF(B7="","",IFERROR(VLOOKUP(B7,'ANÁLISE DE DADOS'!$A:$AM,27,0),"")) -> Sim | AD7: =IF(B7="","",IFERROR(VLOOKUP(B7,'ANÁLISE DE DADOS'!$A:$AM,28,0),"")) -> 45740 | AE7: =IF(B7="","",IFERROR(VLOOKUP(B7,'ANÁLISE DE DADOS'!$A:$AM,29,0),"")) -> mar-25 | AF7: =IF(B7="","",IFERROR(VLOOKUP(B7,'ANÁLISE DE DADOS'!$A:$AM,30,0),"")) -> 2025 | AG7: =IF(B7="","",IFERROR(VLOOKUP(B7,'ANÁLISE DE DADOS'!$A:$AM,31,0),"")) -> 45802 | AH7: =IF(B7="","",IFERROR(VLOOKUP(B7,'ANÁLISE DE DADOS'!$A:$AM,32,0),"")) -> mai-25 | AI7: =IF(B7="","",IFERROR(VLOOKUP(B7,'ANÁLISE DE DADOS'!$A:$AM,33,0),"")) -> 2025 | AJ7: =IF(B7="","",IFERROR(VLOOKUP(B7,'ANÁLISE DE DADOS'!$A:$AM,34,0),"")) -> Acompanhando | AK7: =IF(B7="","",IFERROR(VLOOKUP(B7,'ANÁLISE DE DADOS'!$A:$AM,35,0),"")) -> 2500 | AL7: =IF(B7="","",IFERROR(VLOOKUP(B7,'ANÁLISE DE DADOS'!$A:$AM,36,0),"")) -> 0
B8: 4 | C8: =IF(B8="","",IFERROR(VLOOKUP(B8,'ANÁLISE DE DADOS'!$A:$AM,1,0),"")) -> 4 | D8: =IF(B8="","",IFERROR(VLOOKUP(B8,'ANÁLISE DE DADOS'!$A:$AM,2,0),"")) -> Filial | E8: =IF(B8="","",IFERROR(VLOOKUP(B8,'ANÁLISE DE DADOS'!$A:$AM,3,0),"")) -> Alpha & CIA | F8: =IF(B8="","",IFERROR(VLOOKUP(B8,'ANÁLISE DE DADOS'!$A:$AM,4,0),"")) -> Delta | G8: =IF(B8="","",IFERROR(VLOOKUP(B8,'ANÁLISE DE DADOS'!$A:$AM,5,0),"")) -> 45659 | H8: =IF(B8="","",IFERROR(VLOOKUP(B8,'ANÁLISE DE DADOS'!$A:$AM,6,0),"")) -> jan-25 | I8: =IF(B8="","",IFERROR(VLOOKUP(B8,'ANÁLISE DE DADOS'!$A:$AM,7,0),"")) -> 2025 | J8: =IF(B8="","",IFERROR(VLOOKUP(B8,'ANÁLISE DE DADOS'!$A:$AM,8,0),"")) -> 45690 | K8: =IF(B8="","",IFERROR(VLOOKUP(B8,'ANÁLISE DE DADOS'!$A:$AM,9,0),"")) -> fev-25 | L8: =IF(B8="","",IFERROR(VLOOKUP(B8,'ANÁLISE DE DADOS'!$A:$AM,10,0),"")) -> 2025 | M8: =IF(B8="","",IFERROR(VLOOKUP(B8,'ANÁLISE DE DADOS'!$A:$AM,11,0),"")) -> 45737 | N8: =IF(B8="","",IFERROR(VLOOKUP(B8,'ANÁLISE DE DADOS'!$A:$AM,12,0),"")) -> mar-25 | O8: =IF(B8="","",IFERROR(VLOOKUP(B8,'ANÁLISE DE DADOS'!$A:$AM,13,0),"")) -> 2025 | P8: =IF(B8="","",IFERROR(VLOOKUP(B8,'ANÁLISE DE DADOS'!$A:$AM,14,0),"")) -> 2500 | Q8: =IF(B8="","",IFERROR(VLOOKUP(B8,'ANÁLISE DE DADOS'!$A:$AM,15,0),"")) -> Maria | R8: =IF(B8="","",IFERROR(VLOOKUP(B8,'ANÁLISE DE DADOS'!$A:$AM,16,0),"")) -> ANALISTA SIMONE | S8: =IF(B8="","",IFERROR(VLOOKUP(B8,'ANÁLISE DE DADOS'!$A:$AM,17,0),"")) -> NÃO | T8: =IF(B8="","",IFERROR(VLOOKUP(B8,'ANÁLISE DE DADOS'!$A:$AM,18,0),"")) -> Promessa de pagamento refeito | U8: =IF(B8="","",IFERROR(VLOOKUP(B8,'ANÁLISE DE DADOS'!$A:$AM,19,0),"")) -> Vencido | V8: =IF(B8="","",IFERROR(VLOOKUP(B8,'ANÁLISE DE DADOS'!$A:$AM,20,0),"")) -> 105 | W8: =IF(B8="","",IFERROR(VLOOKUP(B8,'ANÁLISE DE DADOS'!$A:$AM,21,0),"")) -> 61+ dias | X8: =IF(B8="","",IFERROR(VLOOKUP(B8,'ANÁLISE DE DADOS'!$A:$AM,22,0),"")) -> Atraso Crítico | Y8: =IF(B8="","",IFERROR(VLOOKUP(B8,'ANÁLISE DE DADOS'!$A:$AM,23,0),"")) -> - | Z8: =IF(B8="","",IFERROR(VLOOKUP(B8,'ANÁLISE DE DADOS'!$A:$AM,24,0),"")) -> Sim | AA8: =IF(B8="","",IFERROR(VLOOKUP(B8,'ANÁLISE DE DADOS'!$A:$AM,25,0),"")) -> 0 | AB8: =IF(B8="","",IFERROR(VLOOKUP(B8,'ANÁLISE DE DADOS'!$A:$AM,26,0),"")) -> 1 | AC8: =IF(B8="","",IFERROR(VLOOKUP(B8,'ANÁLISE DE DADOS'!$A:$AM,27,0),"")) -> Sim | AD8: =IF(B8="","",IFERROR(VLOOKUP(B8,'ANÁLISE DE DADOS'!$A:$AM,28,0),"")) -> 45740 | AE8: =IF(B8="","",IFERROR(VLOOKUP(B8,'ANÁLISE DE DADOS'!$A:$AM,29,0),"")) -> mar-25 | AF8: =IF(B8="","",IFERROR(VLOOKUP(B8,'ANÁLISE DE DADOS'!$A:$AM,30,0),"")) -> 2025 | AG8: =IF(B8="","",IFERROR(VLOOKUP(B8,'ANÁLISE DE DADOS'!$A:$AM,31,0),"")) -> 45802 | AH8: =IF(B8="","",IFERROR(VLOOKUP(B8,'ANÁLISE DE DADOS'!$A:$AM,32,0),"")) -> mai-25 | AI8: =IF(B8="","",IFERROR(VLOOKUP(B8,'ANÁLISE DE DADOS'!$A:$AM,33,0),"")) -> 2025 | AJ8: =IF(B8="","",IFERROR(VLOOKUP(B8,'ANÁLISE DE DADOS'!$A:$AM,34,0),"")) -> Acompanhando | AK8: =IF(B8="","",IFERROR(VLOOKUP(B8,'ANÁLISE DE DADOS'!$A:$AM,35,0),"")) -> 2500 | AL8: =IF(B8="","",IFERROR(VLOOKUP(B8,'ANÁLISE DE DADOS'!$A:$AM,36,0),"")) -> 0
B9: 5 | C9: =IF(B9="","",IFERROR(VLOOKUP(B9,'ANÁLISE DE DADOS'!$A:$AM,1,0),"")) -> 5 | D9: =IF(B9="","",IFERROR(VLOOKUP(B9,'ANÁLISE DE DADOS'!$A:$AM,2,0),"")) -> Matriz | E9: =IF(B9="","",IFERROR(VLOOKUP(B9,'ANÁLISE DE DADOS'!$A:$AM,3,0),"")) -> Alpha & CIA | F9: =IF(B9="","",IFERROR(VLOOKUP(B9,'ANÁLISE DE DADOS'!$A:$AM,4,0),"")) -> Theta | G9: =IF(B9="","",IFERROR(VLOOKUP(B9,'ANÁLISE DE DADOS'!$A:$AM,5,0),"")) -> 45662 | H9: =IF(B9="","",IFERROR(VLOOKUP(B9,'ANÁLISE DE DADOS'!$A:$AM,6,0),"")) -> jan-25 | I9: =IF(B9="","",IFERROR(VLOOKUP(B9,'ANÁLISE DE DADOS'!$A:$AM,7,0),"")) -> 2025 | J9: =IF(B9="","",IFERROR(VLOOKUP(B9,'ANÁLISE DE DADOS'!$A:$AM,8,0),"")) -> 45690 | K9: =IF(B9="","",IFERROR(VLOOKUP(B9,'ANÁLISE DE DADOS'!$A:$AM,9,0),"")) -> fev-25 | L9: =IF(B9="","",IFERROR(VLOOKUP(B9,'ANÁLISE DE DADOS'!$A:$AM,10,0),"")) -> 2025 | M9: =IF(B9="","",IFERROR(VLOOKUP(B9,'ANÁLISE DE DADOS'!$A:$AM,11,0),"")) -> 45737 | N9: =IF(B9="","",IFERROR(VLOOKUP(B9,'ANÁLISE DE DADOS'!$A:$AM,12,0),"")) -> mar-25 | O9: =IF(B9="","",IFERROR(VLOOKUP(B9,'ANÁLISE DE DADOS'!$A:$AM,13,0),"")) -> 2025 | P9: =IF(B9="","",IFERROR(VLOOKUP(B9,'ANÁLISE DE DADOS'!$A:$AM,14,0),"")) -> 3000 | Q9: =IF(B9="","",IFERROR(VLOOKUP(B9,'ANÁLISE DE DADOS'!$A:$AM,15,0),"")) -> Carlos | R9: =IF(B9="","",IFERROR(VLOOKUP(B9,'ANÁLISE DE DADOS'!$A:$AM,16,0),"")) -> ANALISTA SIMONE | S9: =IF(B9="","",IFERROR(VLOOKUP(B9,'ANÁLISE DE DADOS'!$A:$AM,17,0),"")) -> NÃO | T9: =IF(B9="","",IFERROR(VLOOKUP(B9,'ANÁLISE DE DADOS'!$A:$AM,18,0),"")) -> Proposta de renegociação pendente | U9: =IF(B9="","",IFERROR(VLOOKUP(B9,'ANÁLISE DE DADOS'!$A:$AM,19,0),"")) -> Vencido | V9: =IF(B9="","",IFERROR(VLOOKUP(B9,'ANÁLISE DE DADOS'!$A:$AM,20,0),"")) -> 105 | W9: =IF(B9="","",IFERROR(VLOOKUP(B9,'ANÁLISE DE DADOS'!$A:$AM,21,0),"")) -> 61+ dias | X9: =IF(B9="","",IFERROR(VLOOKUP(B9,'ANÁLISE DE DADOS'!$A:$AM,22,0),"")) -> Atraso Crítico | Y9: =IF(B9="","",IFERROR(VLOOKUP(B9,'ANÁLISE DE DADOS'!$A:$AM,23,0),"")) -> - | Z9: =IF(B9="","",IFERROR(VLOOKUP(B9,'ANÁLISE DE DADOS'!$A:$AM,24,0),"")) -> Sim | AA9: =IF(B9="","",IFERROR(VLOOKUP(B9,'ANÁLISE DE DADOS'!$A:$AM,25,0),"")) -> 0 | AB9: =IF(B9="","",IFERROR(VLOOKUP(B9,'ANÁLISE DE DADOS'!$A:$AM,26,0),"")) -> 1 | AC9: =IF(B9="","",IFERROR(VLOOKUP(B9,'ANÁLISE DE DADOS'!$A:$AM,27,0),"")) -> Sim | AD9: =IF(B9="","",IFERROR(VLOOKUP(B9,'ANÁLISE DE DADOS'!$A:$AM,28,0),"")) -> 45740 | AE9: =IF(B9="","",IFERROR(VLOOKUP(B9,'ANÁLISE DE DADOS'!$A:$AM,29,0),"")) -> mar-25 | AF9: =IF(B9="","",IFERROR(VLOOKUP(B9,'ANÁLISE DE DADOS'!$A:$AM,30,0),"")) -> 2025 | AG9: =IF(B9="","",IFERROR(VLOOKUP(B9,'ANÁLISE DE DADOS'!$A:$AM,31,0),"")) -> 45802 | AH9: =IF(B9="","",IFERROR(VLOOKUP(B9,'ANÁLISE DE DADOS'!$A:$AM,32,0),"")) -> mai-25 | AI9: =IF(B9="","",IFERROR(VLOOKUP(B9,'ANÁLISE DE DADOS'!$A:$AM,33,0),"")) -> 2025 | AJ9: =IF(B9="","",IFERROR(VLOOKUP(B9,'ANÁLISE DE DADOS'!$A:$AM,34,0),"")) -> Acompanhando | AK9: =IF(B9="","",IFERROR(VLOOKUP(B9,'ANÁLISE DE DADOS'!$A:$AM,35,0),"")) -> 3000 | AL9: =IF(B9="","",IFERROR(VLOOKUP(B9,'ANÁLISE DE DADOS'!$A:$AM,36,0),"")) -> 0
B10: 6 | C10: =IF(B10="","",IFERROR(VLOOKUP(B10,'ANÁLISE DE DADOS'!$A:$AM,1,0),"")) -> 6 | D10: =IF(B10="","",IFERROR(VLOOKUP(B10,'ANÁLISE DE DADOS'!$A:$AM,2,0),"")) -> Matriz | E10: =IF(B10="","",IFERROR(VLOOKUP(B10,'ANÁLISE DE DADOS'!$A:$AM,3,0),"")) -> Alpha & CIA | F10: =IF(B10="","",IFERROR(VLOOKUP(B10,'ANÁLISE DE DADOS'!$A:$AM,4,0),"")) -> Zeta | G10: =IF(B10="","",IFERROR(VLOOKUP(B10,'ANÁLISE DE DADOS'!$A:$AM,5,0),"")) -> 45662 | H10: =IF(B10="","",IFERROR(VLOOKUP(B10,'ANÁLISE DE DADOS'!$A:$AM,6,0),"")) -> jan-25 | I10: =IF(B10="","",IFERROR(VLOOKUP(B10,'ANÁLISE DE DADOS'!$A:$AM,7,0),"")) -> 2025 | J10: =IF(B10="","",IFERROR(VLOOKUP(B10,'ANÁLISE DE DADOS'!$A:$AM,8,0),"")) -> 45690 | K10: =IF(B10="","",IFERROR(VLOOKUP(B10,'ANÁLISE DE DADOS'!$A:$AM,9,0),"")) -> fev-25 | L10: =IF(B10="","",IFERROR(VLOOKUP(B10,'ANÁLISE DE DADOS'!$A:$AM,10,0),"")) -> 2025 | M10: =IF(B10="","",IFERROR(VLOOKUP(B10,'ANÁLISE DE DADOS'!$A:$AM,11,0),"")) -> 45737 | N10: =IF(B10="","",IFERROR(VLOOKUP(B10,'ANÁLISE DE DADOS'!$A:$AM,12,0),"")) -> mar-25 | O10: =IF(B10="","",IFERROR(VLOOKUP(B10,'ANÁLISE DE DADOS'!$A:$AM,13,0),"")) -> 2025 | P10: =IF(B10="","",IFERROR(VLOOKUP(B10,'ANÁLISE DE DADOS'!$A:$AM,14,0),"")) -> 3000 | Q10: =IF(B10="","",IFERROR(VLOOKUP(B10,'ANÁLISE DE DADOS'!$A:$AM,15,0),"")) -> Carlos | R10: =IF(B10="","",IFERROR(VLOOKUP(B10,'ANÁLISE DE DADOS'!$A:$AM,16,0),"")) -> ANALISTA SIMONE | S10: =IF(B10="","",IFERROR(VLOOKUP(B10,'ANÁLISE DE DADOS'!$A:$AM,17,0),"")) -> NÃO | T10: =IF(B10="","",IFERROR(VLOOKUP(B10,'ANÁLISE DE DADOS'!$A:$AM,18,0),"")) -> Bloqueio de sistema por inadimplência | U10: =IF(B10="","",IFERROR(VLOOKUP(B10,'ANÁLISE DE DADOS'!$A:$AM,19,0),"")) -> Vencido | V10: =IF(B10="","",IFERROR(VLOOKUP(B10,'ANÁLISE DE DADOS'!$A:$AM,20,0),"")) -> 105 | W10: =IF(B10="","",IFERROR(VLOOKUP(B10,'ANÁLISE DE DADOS'!$A:$AM,21,0),"")) -> 61+ dias | X10: =IF(B10="","",IFERROR(VLOOKUP(B10,'ANÁLISE DE DADOS'!$A:$AM,22,0),"")) -> Atraso Crítico | Y10: =IF(B10="","",IFERROR(VLOOKUP(B10,'ANÁLISE DE DADOS'!$A:$AM,23,0),"")) -> - | Z10: =IF(B10="","",IFERROR(VLOOKUP(B10,'ANÁLISE DE DADOS'!$A:$AM,24,0),"")) -> Sim | AA10: =IF(B10="","",IFERROR(VLOOKUP(B10,'ANÁLISE DE DADOS'!$A:$AM,25,0),"")) -> 0 | AB10: =IF(B10="","",IFERROR(VLOOKUP(B10,'ANÁLISE DE DADOS'!$A:$AM,26,0),"")) -> 1 | AC10: =IF(B10="","",IFERROR(VLOOKUP(B10,'ANÁLISE DE DADOS'!$A:$AM,27,0),"")) -> Sim | AD10: =IF(B10="","",IFERROR(VLOOKUP(B10,'ANÁLISE DE DADOS'!$A:$AM,28,0),"")) -> 45740 | AE10: =IF(B10="","",IFERROR(VLOOKUP(B10,'ANÁLISE DE DADOS'!$A:$AM,29,0),"")) -> mar-25 | AF10: =IF(B10="","",IFERROR(VLOOKUP(B10,'ANÁLISE DE DADOS'!$A:$AM,30,0),"")) -> 2025 | AG10: =IF(B10="","",IFERROR(VLOOKUP(B10,'ANÁLISE DE DADOS'!$A:$AM,31,0),"")) -> 45802 | AH10: =IF(B10="","",IFERROR(VLOOKUP(B10,'ANÁLISE DE DADOS'!$A:$AM,32,0),"")) -> mai-25 | AI10: =IF(B10="","",IFERROR(VLOOKUP(B10,'ANÁLISE DE DADOS'!$A:$AM,33,0),"")) -> 2025 | AJ10: =IF(B10="","",IFERROR(VLOOKUP(B10,'ANÁLISE DE DADOS'!$A:$AM,34,0),"")) -> Acompanhando | AK10: =IF(B10="","",IFERROR(VLOOKUP(B10,'ANÁLISE DE DADOS'!$A:$AM,35,0),"")) -> 3000 | AL10: =IF(B10="","",IFERROR(VLOOKUP(B10,'ANÁLISE DE DADOS'!$A:$AM,36,0),"")) -> 0
B11: 7 | C11: =IF(B11="","",IFERROR(VLOOKUP(B11,'ANÁLISE DE DADOS'!$A:$AM,1,0),"")) -> 7 | D11: =IF(B11="","",IFERROR(VLOOKUP(B11,'ANÁLISE DE DADOS'!$A:$AM,2,0),"")) -> Filial | E11: =IF(B11="","",IFERROR(VLOOKUP(B11,'ANÁLISE DE DADOS'!$A:$AM,3,0),"")) -> 0 | F11: =IF(B11="","",IFERROR(VLOOKUP(B11,'ANÁLISE DE DADOS'!$A:$AM,4,0),"")) -> BemEstar | G11: =IF(B11="","",IFERROR(VLOOKUP(B11,'ANÁLISE DE DADOS'!$A:$AM,5,0),"")) -> 45663 | H11: =IF(B11="","",IFERROR(VLOOKUP(B11,'ANÁLISE DE DADOS'!$A:$AM,6,0),"")) -> jan-25 | I11: =IF(B11="","",IFERROR(VLOOKUP(B11,'ANÁLISE DE DADOS'!$A:$AM,7,0),"")) -> 2025 | J11: =IF(B11="","",IFERROR(VLOOKUP(B11,'ANÁLISE DE DADOS'!$A:$AM,8,0),"")) -> 45690 | K11: =IF(B11="","",IFERROR(VLOOKUP(B11,'ANÁLISE DE DADOS'!$A:$AM,9,0),"")) -> fev-25 | L11: =IF(B11="","",IFERROR(VLOOKUP(B11,'ANÁLISE DE DADOS'!$A:$AM,10,0),"")) -> 2025 | M11: =IF(B11="","",IFERROR(VLOOKUP(B11,'ANÁLISE DE DADOS'!$A:$AM,11,0),"")) -> 45737 | N11: =IF(B11="","",IFERROR(VLOOKUP(B11,'ANÁLISE DE DADOS'!$A:$AM,12,0),"")) -> mar-25 | O11: =IF(B11="","",IFERROR(VLOOKUP(B11,'ANÁLISE DE DADOS'!$A:$AM,13,0),"")) -> 2025 | P11: =IF(B11="","",IFERROR(VLOOKUP(B11,'ANÁLISE DE DADOS'!$A:$AM,14,0),"")) -> 1500 | Q11: =IF(B11="","",IFERROR(VLOOKUP(B11,'ANÁLISE DE DADOS'!$A:$AM,15,0),"")) -> Ana | R11: =IF(B11="","",IFERROR(VLOOKUP(B11,'ANÁLISE DE DADOS'!$A:$AM,16,0),"")) -> ANALISTA SIMONE | S11: =IF(B11="","",IFERROR(VLOOKUP(B11,'ANÁLISE DE DADOS'!$A:$AM,17,0),"")) -> NÃO | T11: =IF(B11="","",IFERROR(VLOOKUP(B11,'ANÁLISE DE DADOS'!$A:$AM,18,0),"")) -> Acordo em andamento (aguardando pagamento) | U11: =IF(B11="","",IFERROR(VLOOKUP(B11,'ANÁLISE DE DADOS'!$A:$AM,19,0),"")) -> Vencido | V11: =IF(B11="","",IFERROR(VLOOKUP(B11,'ANÁLISE DE DADOS'!$A:$AM,20,0),"")) -> 105 | W11: =IF(B11="","",IFERROR(VLOOKUP(B11,'ANÁLISE DE DADOS'!$A:$AM,21,0),"")) -> 61+ dias | X11: =IF(B11="","",IFERROR(VLOOKUP(B11,'ANÁLISE DE DADOS'!$A:$AM,22,0),"")) -> Atraso Crítico | Y11: =IF(B11="","",IFERROR(VLOOKUP(B11,'ANÁLISE DE DADOS'!$A:$AM,23,0),"")) -> - | Z11: =IF(B11="","",IFERROR(VLOOKUP(B11,'ANÁLISE DE DADOS'!$A:$AM,24,0),"")) -> Sim | AA11: =IF(B11="","",IFERROR(VLOOKUP(B11,'ANÁLISE DE DADOS'!$A:$AM,25,0),"")) -> 0 | AB11: =IF(B11="","",IFERROR(VLOOKUP(B11,'ANÁLISE DE DADOS'!$A:$AM,26,0),"")) -> 1 | AC11: =IF(B11="","",IFERROR(VLOOKUP(B11,'ANÁLISE DE DADOS'!$A:$AM,27,0),"")) -> Sim | AD11: =IF(B11="","",IFERROR(VLOOKUP(B11,'ANÁLISE DE DADOS'!$A:$AM,28,0),"")) -> 45740 | AE11: =IF(B11="","",IFERROR(VLOOKUP(B11,'ANÁLISE DE DADOS'!$A:$AM,29,0),"")) -> mar-25 | AF11: =IF(B11="","",IFERROR(VLOOKUP(B11,'ANÁLISE DE DADOS'!$A:$AM,30,0),"")) -> 2025 | AG11: =IF(B11="","",IFERROR(VLOOKUP(B11,'ANÁLISE DE DADOS'!$A:$AM,31,0),"")) -> 45802 | AH11: =IF(B11="","",IFERROR(VLOOKUP(B11,'ANÁLISE DE DADOS'!$A:$AM,32,0),"")) -> mai-25 | AI11: =IF(B11="","",IFERROR(VLOOKUP(B11,'ANÁLISE DE DADOS'!$A:$AM,33,0),"")) -> 2025 | AJ11: =IF(B11="","",IFERROR(VLOOKUP(B11,'ANÁLISE DE DADOS'!$A:$AM,34,0),"")) -> Acompanhando | AK11: =IF(B11="","",IFERROR(VLOOKUP(B11,'ANÁLISE DE DADOS'!$A:$AM,35,0),"")) -> 1500 | AL11: =IF(B11="","",IFERROR(VLOOKUP(B11,'ANÁLISE DE DADOS'!$A:$AM,36,0),"")) -> 0
B12: 8 | C12: =IF(B12="","",IFERROR(VLOOKUP(B12,'ANÁLISE DE DADOS'!$A:$AM,1,0),"")) -> 8 | D12: =IF(B12="","",IFERROR(VLOOKUP(B12,'ANÁLISE DE DADOS'!$A:$AM,2,0),"")) -> Filial | E12: =IF(B12="","",IFERROR(VLOOKUP(B12,'ANÁLISE DE DADOS'!$A:$AM,3,0),"")) -> 0 | F12: =IF(B12="","",IFERROR(VLOOKUP(B12,'ANÁLISE DE DADOS'!$A:$AM,4,0),"")) -> BemEstar | G12: =IF(B12="","",IFERROR(VLOOKUP(B12,'ANÁLISE DE DADOS'!$A:$AM,5,0),"")) -> 45663 | H12: =IF(B12="","",IFERROR(VLOOKUP(B12,'ANÁLISE DE DADOS'!$A:$AM,6,0),"")) -> jan-25 | I12: =IF(B12="","",IFERROR(VLOOKUP(B12,'ANÁLISE DE DADOS'!$A:$AM,7,0),"")) -> 2025 | J12: =IF(B12="","",IFERROR(VLOOKUP(B12,'ANÁLISE DE DADOS'!$A:$AM,8,0),"")) -> 45690 | K12: =IF(B12="","",IFERROR(VLOOKUP(B12,'ANÁLISE DE DADOS'!$A:$AM,9,0),"")) -> fev-25 | L12: =IF(B12="","",IFERROR(VLOOKUP(B12,'ANÁLISE DE DADOS'!$A:$AM,10,0),"")) -> 2025 | M12: =IF(B12="","",IFERROR(VLOOKUP(B12,'ANÁLISE DE DADOS'!$A:$AM,11,0),"")) -> 45737 | N12: =IF(B12="","",IFERROR(VLOOKUP(B12,'ANÁLISE DE DADOS'!$A:$AM,12,0),"")) -> mar-25 | O12: =IF(B12="","",IFERROR(VLOOKUP(B12,'ANÁLISE DE DADOS'!$A:$AM,13,0),"")) -> 2025 | P12: =IF(B12="","",IFERROR(VLOOKUP(B12,'ANÁLISE DE DADOS'!$A:$AM,14,0),"")) -> 1500 | Q12: =IF(B12="","",IFERROR(VLOOKUP(B12,'ANÁLISE DE DADOS'!$A:$AM,15,0),"")) -> Ana | R12: =IF(B12="","",IFERROR(VLOOKUP(B12,'ANÁLISE DE DADOS'!$A:$AM,16,0),"")) -> ANALISTA SIMONE | S12: =IF(B12="","",IFERROR(VLOOKUP(B12,'ANÁLISE DE DADOS'!$A:$AM,17,0),"")) -> NÃO | T12: =IF(B12="","",IFERROR(VLOOKUP(B12,'ANÁLISE DE DADOS'!$A:$AM,18,0),"")) -> Negociação finalizada, pendente de pagamento | U12: =IF(B12="","",IFERROR(VLOOKUP(B12,'ANÁLISE DE DADOS'!$A:$AM,19,0),"")) -> Vencido | V12: =IF(B12="","",IFERROR(VLOOKUP(B12,'ANÁLISE DE DADOS'!$A:$AM,20,0),"")) -> 105 | W12: =IF(B12="","",IFERROR(VLOOKUP(B12,'ANÁLISE DE DADOS'!$A:$AM,21,0),"")) -> 61+ dias | X12: =IF(B12="","",IFERROR(VLOOKUP(B12,'ANÁLISE DE DADOS'!$A:$AM,22,0),"")) -> Atraso Crítico | Y12: =IF(B12="","",IFERROR(VLOOKUP(B12,'ANÁLISE DE DADOS'!$A:$AM,23,0),"")) -> - | Z12: =IF(B12="","",IFERROR(VLOOKUP(B12,'ANÁLISE DE DADOS'!$A:$AM,24,0),"")) -> Sim | AA12: =IF(B12="","",IFERROR(VLOOKUP(B12,'ANÁLISE DE DADOS'!$A:$AM,25,0),"")) -> 0 | AB12: =IF(B12="","",IFERROR(VLOOKUP(B12,'ANÁLISE DE DADOS'!$A:$AM,26,0),"")) -> 1 | AC12: =IF(B12="","",IFERROR(VLOOKUP(B12,'ANÁLISE DE DADOS'!$A:$AM,27,0),"")) -> Sim | AD12: =IF(B12="","",IFERROR(VLOOKUP(B12,'ANÁLISE DE DADOS'!$A:$AM,28,0),"")) -> 45740 | AE12: =IF(B12="","",IFERROR(VLOOKUP(B12,'ANÁLISE DE DADOS'!$A:$AM,29,0),"")) -> mar-25 | AF12: =IF(B12="","",IFERROR(VLOOKUP(B12,'ANÁLISE DE DADOS'!$A:$AM,30,0),"")) -> 2025 | AG12: =IF(B12="","",IFERROR(VLOOKUP(B12,'ANÁLISE DE DADOS'!$A:$AM,31,0),"")) -> 45802 | AH12: =IF(B12="","",IFERROR(VLOOKUP(B12,'ANÁLISE DE DADOS'!$A:$AM,32,0),"")) -> mai-25 | AI12: =IF(B12="","",IFERROR(VLOOKUP(B12,'ANÁLISE DE DADOS'!$A:$AM,33,0),"")) -> 2025 | AJ12: =IF(B12="","",IFERROR(VLOOKUP(B12,'ANÁLISE DE DADOS'!$A:$AM,34,0),"")) -> Acompanhando | AK12: =IF(B12="","",IFERROR(VLOOKUP(B12,'ANÁLISE DE DADOS'!$A:$AM,35,0),"")) -> 1500 | AL12: =IF(B12="","",IFERROR(VLOOKUP(B12,'ANÁLISE DE DADOS'!$A:$AM,36,0),"")) -> 0
B13: 9 | C13: =IF(B13="","",IFERROR(VLOOKUP(B13,'ANÁLISE DE DADOS'!$A:$AM,1,0),"")) -> 9 | D13: =IF(B13="","",IFERROR(VLOOKUP(B13,'ANÁLISE DE DADOS'!$A:$AM,2,0),"")) -> Matriz | E13: =IF(B13="","",IFERROR(VLOOKUP(B13,'ANÁLISE DE DADOS'!$A:$AM,3,0),"")) -> 0 | F13: =IF(B13="","",IFERROR(VLOOKUP(B13,'ANÁLISE DE DADOS'!$A:$AM,4,0),"")) -> BemEstar | G13: =IF(B13="","",IFERROR(VLOOKUP(B13,'ANÁLISE DE DADOS'!$A:$AM,5,0),"")) -> 45667 | H13: =IF(B13="","",IFERROR(VLOOKUP(B13,'ANÁLISE DE DADOS'!$A:$AM,6,0),"")) -> jan-25 | I13: =IF(B13="","",IFERROR(VLOOKUP(B13,'ANÁLISE DE DADOS'!$A:$AM,7,0),"")) -> 2025 | J13: =IF(B13="","",IFERROR(VLOOKUP(B13,'ANÁLISE DE DADOS'!$A:$AM,8,0),"")) -> 45698 | K13: =IF(B13="","",IFERROR(VLOOKUP(B13,'ANÁLISE DE DADOS'!$A:$AM,9,0),"")) -> fev-25 | L13: =IF(B13="","",IFERROR(VLOOKUP(B13,'ANÁLISE DE DADOS'!$A:$AM,10,0),"")) -> 2025 | M13: =IF(B13="","",IFERROR(VLOOKUP(B13,'ANÁLISE DE DADOS'!$A:$AM,11,0),"")) -> 45737 | N13: =IF(B13="","",IFERROR(VLOOKUP(B13,'ANÁLISE DE DADOS'!$A:$AM,12,0),"")) -> mar-25 | O13: =IF(B13="","",IFERROR(VLOOKUP(B13,'ANÁLISE DE DADOS'!$A:$AM,13,0),"")) -> 2025 | P13: =IF(B13="","",IFERROR(VLOOKUP(B13,'ANÁLISE DE DADOS'!$A:$AM,14,0),"")) -> 2200 | Q13: =IF(B13="","",IFERROR(VLOOKUP(B13,'ANÁLISE DE DADOS'!$A:$AM,15,0),"")) -> Beatriz | R13: =IF(B13="","",IFERROR(VLOOKUP(B13,'ANÁLISE DE DADOS'!$A:$AM,16,0),"")) -> ANALISTA SIMONE | S13: =IF(B13="","",IFERROR(VLOOKUP(B13,'ANÁLISE DE DADOS'!$A:$AM,17,0),"")) -> NÃO | T13: =IF(B13="","",IFERROR(VLOOKUP(B13,'ANÁLISE DE DADOS'!$A:$AM,18,0),"")) -> Cliente em processo de análise para reativação | U13: =IF(B13="","",IFERROR(VLOOKUP(B13,'ANÁLISE DE DADOS'!$A:$AM,19,0),"")) -> Vencido | V13: =IF(B13="","",IFERROR(VLOOKUP(B13,'ANÁLISE DE DADOS'!$A:$AM,20,0),"")) -> 97 | W13: =IF(B13="","",IFERROR(VLOOKUP(B13,'ANÁLISE DE DADOS'!$A:$AM,21,0),"")) -> 61+ dias | X13: =IF(B13="","",IFERROR(VLOOKUP(B13,'ANÁLISE DE DADOS'!$A:$AM,22,0),"")) -> Atraso Crítico | Y13: =IF(B13="","",IFERROR(VLOOKUP(B13,'ANÁLISE DE DADOS'!$A:$AM,23,0),"")) -> - | Z13: =IF(B13="","",IFERROR(VLOOKUP(B13,'ANÁLISE DE DADOS'!$A:$AM,24,0),"")) -> Sim | AA13: =IF(B13="","",IFERROR(VLOOKUP(B13,'ANÁLISE DE DADOS'!$A:$AM,25,0),"")) -> 0 | AB13: =IF(B13="","",IFERROR(VLOOKUP(B13,'ANÁLISE DE DADOS'!$A:$AM,26,0),"")) -> 1 | AC13: =IF(B13="","",IFERROR(VLOOKUP(B13,'ANÁLISE DE DADOS'!$A:$AM,27,0),"")) -> Sim | AD13: =IF(B13="","",IFERROR(VLOOKUP(B13,'ANÁLISE DE DADOS'!$A:$AM,28,0),"")) -> 45740 | AE13: =IF(B13="","",IFERROR(VLOOKUP(B13,'ANÁLISE DE DADOS'!$A:$AM,29,0),"")) -> mar-25 | AF13: =IF(B13="","",IFERROR(VLOOKUP(B13,'ANÁLISE DE DADOS'!$A:$AM,30,0),"")) -> 2025 | AG13: =IF(B13="","",IFERROR(VLOOKUP(B13,'ANÁLISE DE DADOS'!$A:$AM,31,0),"")) -> 45802 | AH13: =IF(B13="","",IFERROR(VLOOKUP(B13,'ANÁLISE DE DADOS'!$A:$AM,32,0),"")) -> mai-25 | AI13: =IF(B13="","",IFERROR(VLOOKUP(B13,'ANÁLISE DE DADOS'!$A:$AM,33,0),"")) -> 2025 | AJ13: =IF(B13="","",IFERROR(VLOOKUP(B13,'ANÁLISE DE DADOS'!$A:$AM,34,0),"")) -> Acompanhando | AK13: =IF(B13="","",IFERROR(VLOOKUP(B13,'ANÁLISE DE DADOS'!$A:$AM,35,0),"")) -> 2200 | AL13: =IF(B13="","",IFERROR(VLOOKUP(B13,'ANÁLISE DE DADOS'!$A:$AM,36,0),"")) -> 0
B14: 10 | C14: =IF(B14="","",IFERROR(VLOOKUP(B14,'ANÁLISE DE DADOS'!$A:$AM,1,0),"")) -> 10 | D14: =IF(B14="","",IFERROR(VLOOKUP(B14,'ANÁLISE DE DADOS'!$A:$AM,2,0),"")) -> Matriz | E14: =IF(B14="","",IFERROR(VLOOKUP(B14,'ANÁLISE DE DADOS'!$A:$AM,3,0),"")) -> 0 | F14: =IF(B14="","",IFERROR(VLOOKUP(B14,'ANÁLISE DE DADOS'!$A:$AM,4,0),"")) -> BemEstar | G14: =IF(B14="","",IFERROR(VLOOKUP(B14,'ANÁLISE DE DADOS'!$A:$AM,5,0),"")) -> 45667 | H14: =IF(B14="","",IFERROR(VLOOKUP(B14,'ANÁLISE DE DADOS'!$A:$AM,6,0),"")) -> jan-25 | I14: =IF(B14="","",IFERROR(VLOOKUP(B14,'ANÁLISE DE DADOS'!$A:$AM,7,0),"")) -> 2025 | J14: =IF(B14="","",IFERROR(VLOOKUP(B14,'ANÁLISE DE DADOS'!$A:$AM,8,0),"")) -> 45699 | K14: =IF(B14="","",IFERROR(VLOOKUP(B14,'ANÁLISE DE DADOS'!$A:$AM,9,0),"")) -> fev-25 | L14: =IF(B14="","",IFERROR(VLOOKUP(B14,'ANÁLISE DE DADOS'!$A:$AM,10,0),"")) -> 2025 | M14: =IF(B14="","",IFERROR(VLOOKUP(B14,'ANÁLISE DE DADOS'!$A:$AM,11,0),"")) -> 45737 | N14: =IF(B14="","",IFERROR(VLOOKUP(B14,'ANÁLISE DE DADOS'!$A:$AM,12,0),"")) -> mar-25 | O14: =IF(B14="","",IFERROR(VLOOKUP(B14,'ANÁLISE DE DADOS'!$A:$AM,13,0),"")) -> 2025 | P14: =IF(B14="","",IFERROR(VLOOKUP(B14,'ANÁLISE DE DADOS'!$A:$AM,14,0),"")) -> 2200 | Q14: =IF(B14="","",IFERROR(VLOOKUP(B14,'ANÁLISE DE DADOS'!$A:$AM,15,0),"")) -> Beatriz | R14: =IF(B14="","",IFERROR(VLOOKUP(B14,'ANÁLISE DE DADOS'!$A:$AM,16,0),"")) -> ANALISTA SIMONE | S14: =IF(B14="","",IFERROR(VLOOKUP(B14,'ANÁLISE DE DADOS'!$A:$AM,17,0),"")) -> NÃO | T14: =IF(B14="","",IFERROR(VLOOKUP(B14,'ANÁLISE DE DADOS'!$A:$AM,18,0),"")) -> Acordo cumprido parcialmente | U14: =IF(B14="","",IFERROR(VLOOKUP(B14,'ANÁLISE DE DADOS'!$A:$AM,19,0),"")) -> Vencido | V14: =IF(B14="","",IFERROR(VLOOKUP(B14,'ANÁLISE DE DADOS'!$A:$AM,20,0),"")) -> 96 | W14: =IF(B14="","",IFERROR(VLOOKUP(B14,'ANÁLISE DE DADOS'!$A:$AM,21,0),"")) -> 61+ dias | X14: =IF(B14="","",IFERROR(VLOOKUP(B14,'ANÁLISE DE DADOS'!$A:$AM,22,0),"")) -> Atraso Crítico | Y14: =IF(B14="","",IFERROR(VLOOKUP(B14,'ANÁLISE DE DADOS'!$A:$AM,23,0),"")) -> - | Z14: =IF(B14="","",IFERROR(VLOOKUP(B14,'ANÁLISE DE DADOS'!$A:$AM,24,0),"")) -> Sim | AA14: =IF(B14="","",IFERROR(VLOOKUP(B14,'ANÁLISE DE DADOS'!$A:$AM,25,0),"")) -> 0 | AB14: =IF(B14="","",IFERROR(VLOOKUP(B14,'ANÁLISE DE DADOS'!$A:$AM,26,0),"")) -> 1 | AC14: =IF(B14="","",IFERROR(VLOOKUP(B14,'ANÁLISE DE DADOS'!$A:$AM,27,0),"")) -> Sim | AD14: =IF(B14="","",IFERROR(VLOOKUP(B14,'ANÁLISE DE DADOS'!$A:$AM,28,0),"")) -> 45740 | AE14: =IF(B14="","",IFERROR(VLOOKUP(B14,'ANÁLISE DE DADOS'!$A:$AM,29,0),"")) -> mar-25 | AF14: =IF(B14="","",IFERROR(VLOOKUP(B14,'ANÁLISE DE DADOS'!$A:$AM,30,0),"")) -> 2025 | AG14: =IF(B14="","",IFERROR(VLOOKUP(B14,'ANÁLISE DE DADOS'!$A:$AM,31,0),"")) -> 45802 | AH14: =IF(B14="","",IFERROR(VLOOKUP(B14,'ANÁLISE DE DADOS'!$A:$AM,32,0),"")) -> mai-25 | AI14: =IF(B14="","",IFERROR(VLOOKUP(B14,'ANÁLISE DE DADOS'!$A:$AM,33,0),"")) -> 2025 | AJ14: =IF(B14="","",IFERROR(VLOOKUP(B14,'ANÁLISE DE DADOS'!$A:$AM,34,0),"")) -> Acompanhando | AK14: =IF(B14="","",IFERROR(VLOOKUP(B14,'ANÁLISE DE DADOS'!$A:$AM,35,0),"")) -> 2200 | AL14: =IF(B14="","",IFERROR(VLOOKUP(B14,'ANÁLISE DE DADOS'!$A:$AM,36,0),"")) -> 0
B15: 11 | C15: =IF(B15="","",IFERROR(VLOOKUP(B15,'ANÁLISE DE DADOS'!$A:$AM,1,0),"")) -> 11 | D15: =IF(B15="","",IFERROR(VLOOKUP(B15,'ANÁLISE DE DADOS'!$A:$AM,2,0),"")) -> Filial | E15: =IF(B15="","",IFERROR(VLOOKUP(B15,'ANÁLISE DE DADOS'!$A:$AM,3,0),"")) -> 0 | F15: =IF(B15="","",IFERROR(VLOOKUP(B15,'ANÁLISE DE DADOS'!$A:$AM,4,0),"")) -> BemEstar | G15: =IF(B15="","",IFERROR(VLOOKUP(B15,'ANÁLISE DE DADOS'!$A:$AM,5,0),"")) -> 45669 | H15: =IF(B15="","",IFERROR(VLOOKUP(B15,'ANÁLISE DE DADOS'!$A:$AM,6,0),"")) -> jan-25 | I15: =IF(B15="","",IFERROR(VLOOKUP(B15,'ANÁLISE DE DADOS'!$A:$AM,7,0),"")) -> 2025 | J15: =IF(B15="","",IFERROR(VLOOKUP(B15,'ANÁLISE DE DADOS'!$A:$AM,8,0),"")) -> 45700 | K15: =IF(B15="","",IFERROR(VLOOKUP(B15,'ANÁLISE DE DADOS'!$A:$AM,9,0),"")) -> fev-25 | L15: =IF(B15="","",IFERROR(VLOOKUP(B15,'ANÁLISE DE DADOS'!$A:$AM,10,0),"")) -> 2025 | M15: =IF(B15="","",IFERROR(VLOOKUP(B15,'ANÁLISE DE DADOS'!$A:$AM,11,0),"")) -> 45701 | N15: =IF(B15="","",IFERROR(VLOOKUP(B15,'ANÁLISE DE DADOS'!$A:$AM,12,0),"")) -> fev-25 | O15: =IF(B15="","",IFERROR(VLOOKUP(B15,'ANÁLISE DE DADOS'!$A:$AM,13,0),"")) -> 2025 | P15: =IF(B15="","",IFERROR(VLOOKUP(B15,'ANÁLISE DE DADOS'!$A:$AM,14,0),"")) -> 1000 | Q15: =IF(B15="","",IFERROR(VLOOKUP(B15,'ANÁLISE DE DADOS'!$A:$AM,15,0),"")) -> Lucas | R15: =IF(B15="","",IFERROR(VLOOKUP(B15,'ANÁLISE DE DADOS'!$A:$AM,16,0),"")) -> ANALISTA SIMONE | S15: =IF(B15="","",IFERROR(VLOOKUP(B15,'ANÁLISE DE DADOS'!$A:$AM,17,0),"")) -> NÃO | T15: =IF(B15="","",IFERROR(VLOOKUP(B15,'ANÁLISE DE DADOS'!$A:$AM,18,0),"")) -> Aguardando liberação do financeiro | U15: =IF(B15="","",IFERROR(VLOOKUP(B15,'ANÁLISE DE DADOS'!$A:$AM,19,0),"")) -> Vencido | V15: =IF(B15="","",IFERROR(VLOOKUP(B15,'ANÁLISE DE DADOS'!$A:$AM,20,0),"")) -> 95 | W15: =IF(B15="","",IFERROR(VLOOKUP(B15,'ANÁLISE DE DADOS'!$A:$AM,21,0),"")) -> 61+ dias | X15: =IF(B15="","",IFERROR(VLOOKUP(B15,'ANÁLISE DE DADOS'!$A:$AM,22,0),"")) -> Atraso Crítico | Y15: =IF(B15="","",IFERROR(VLOOKUP(B15,'ANÁLISE DE DADOS'!$A:$AM,23,0),"")) -> - | Z15: =IF(B15="","",IFERROR(VLOOKUP(B15,'ANÁLISE DE DADOS'!$A:$AM,24,0),"")) -> Sim | AA15: =IF(B15="","",IFERROR(VLOOKUP(B15,'ANÁLISE DE DADOS'!$A:$AM,25,0),"")) -> 0 | AB15: =IF(B15="","",IFERROR(VLOOKUP(B15,'ANÁLISE DE DADOS'!$A:$AM,26,0),"")) -> 1 | AC15: =IF(B15="","",IFERROR(VLOOKUP(B15,'ANÁLISE DE DADOS'!$A:$AM,27,0),"")) -> Sim | AD15: =IF(B15="","",IFERROR(VLOOKUP(B15,'ANÁLISE DE DADOS'!$A:$AM,28,0),"")) -> 45740 | AE15: =IF(B15="","",IFERROR(VLOOKUP(B15,'ANÁLISE DE DADOS'!$A:$AM,29,0),"")) -> mar-25 | AF15: =IF(B15="","",IFERROR(VLOOKUP(B15,'ANÁLISE DE DADOS'!$A:$AM,30,0),"")) -> 2025 | AG15: =IF(B15="","",IFERROR(VLOOKUP(B15,'ANÁLISE DE DADOS'!$A:$AM,31,0),"")) -> 45802 | AH15: =IF(B15="","",IFERROR(VLOOKUP(B15,'ANÁLISE DE DADOS'!$A:$AM,32,0),"")) -> mai-25 | AI15: =IF(B15="","",IFERROR(VLOOKUP(B15,'ANÁLISE DE DADOS'!$A:$AM,33,0),"")) -> 2025 | AJ15: =IF(B15="","",IFERROR(VLOOKUP(B15,'ANÁLISE DE DADOS'!$A:$AM,34,0),"")) -> Acompanhando | AK15: =IF(B15="","",IFERROR(VLOOKUP(B15,'ANÁLISE DE DADOS'!$A:$AM,35,0),"")) -> 1000 | AL15: =IF(B15="","",IFERROR(VLOOKUP(B15,'ANÁLISE DE DADOS'!$A:$AM,36,0),"")) -> 0
... B76: 72 | C76: =IF(B76="","",IFERROR(VLOOKUP(B76,'ANÁLISE DE DADOS'!$A:$AM,1,0),"")) -> 72 | D76: =IF(B76="","",IFERROR(VLOOKUP(B76,'ANÁLISE DE DADOS'!$A:$AM,2,0),"")) -> Filial | E76: =IF(B76="","",IFERROR(VLOOKUP(B76,'ANÁLISE DE DADOS'!$A:$AM,3,0),"")) -> 0 | F76: =IF(B76="","",IFERROR(VLOOKUP(B76,'ANÁLISE DE DADOS'!$A:$AM,4,0),"")) -> GlobalTech | G76: =IF(B76="","",IFERROR(VLOOKUP(B76,'ANÁLISE DE DADOS'!$A:$AM,5,0),"")) -> 45709 | H76: =IF(B76="","",IFERROR(VLOOKUP(B76,'ANÁLISE DE DADOS'!$A:$AM,6,0),"")) -> fev-25 | I76: =IF(B76="","",IFERROR(VLOOKUP(B76,'ANÁLISE DE DADOS'!$A:$AM,7,0),"")) -> 2025 | J76: =IF(B76="","",IFERROR(VLOOKUP(B76,'ANÁLISE DE DADOS'!$A:$AM,8,0),"")) -> 45737 | K76: =IF(B76="","",IFERROR(VLOOKUP(B76,'ANÁLISE DE DADOS'!$A:$AM,9,0),"")) -> mar-25 | L76: =IF(B76="","",IFERROR(VLOOKUP(B76,'ANÁLISE DE DADOS'!$A:$AM,10,0),"")) -> 2025 | M76: =IF(B76="","",IFERROR(VLOOKUP(B76,'ANÁLISE DE DADOS'!$A:$AM,11,0),"")) -> 45737 | N76: =IF(B76="","",IFERROR(VLOOKUP(B76,'ANÁLISE DE DADOS'!$A:$AM,12,0),"")) -> mar-25 | O76: =IF(B76="","",IFERROR(VLOOKUP(B76,'ANÁLISE DE DADOS'!$A:$AM,13,0),"")) -> 2025 | P76: =IF(B76="","",IFERROR(VLOOKUP(B76,'ANÁLISE DE DADOS'!$A:$AM,14,0),"")) -> 2200 | Q76: =IF(B76="","",IFERROR(VLOOKUP(B76,'ANÁLISE DE DADOS'!$A:$AM,15,0),"")) -> Fernanda | R76: =IF(B76="","",IFERROR(VLOOKUP(B76,'ANÁLISE DE DADOS'!$A:$AM,16,0),"")) -> ANALISTA SIMONE | S76: =IF(B76="","",IFERROR(VLOOKUP(B76,'ANÁLISE DE DADOS'!$A:$AM,17,0),"")) -> NÃO | T76: =IF(B76="","",IFERROR(VLOOKUP(B76,'ANÁLISE DE DADOS'!$A:$AM,18,0),"")) -> Sem Retorno | U76: =IF(B76="","",IFERROR(VLOOKUP(B76,'ANÁLISE DE DADOS'!$A:$AM,19,0),"")) -> Vencido | V76: =IF(B76="","",IFERROR(VLOOKUP(B76,'ANÁLISE DE DADOS'!$A:$AM,20,0),"")) -> 58 | W76: =IF(B76="","",IFERROR(VLOOKUP(B76,'ANÁLISE DE DADOS'!$A:$AM,21,0),"")) -> 31-60 dias | X76: =IF(B76="","",IFERROR(VLOOKUP(B76,'ANÁLISE DE DADOS'!$A:$AM,22,0),"")) -> Atraso Médio | Y76: =IF(B76="","",IFERROR(VLOOKUP(B76,'ANÁLISE DE DADOS'!$A:$AM,23,0),"")) -> - | Z76: =IF(B76="","",IFERROR(VLOOKUP(B76,'ANÁLISE DE DADOS'!$A:$AM,24,0),"")) -> Sim | AA76: =IF(B76="","",IFERROR(VLOOKUP(B76,'ANÁLISE DE DADOS'!$A:$AM,25,0),"")) -> 0 | AB76: =IF(B76="","",IFERROR(VLOOKUP(B76,'ANÁLISE DE DADOS'!$A:$AM,26,0),"")) -> 1 | AC76: =IF(B76="","",IFERROR(VLOOKUP(B76,'ANÁLISE DE DADOS'!$A:$AM,27,0),"")) -> Sim | AD76: =IF(B76="","",IFERROR(VLOOKUP(B76,'ANÁLISE DE DADOS'!$A:$AM,28,0),"")) -> 45740 | AE76: =IF(B76="","",IFERROR(VLOOKUP(B76,'ANÁLISE DE DADOS'!$A:$AM,29,0),"")) -> mar-25 | AF76: =IF(B76="","",IFERROR(VLOOKUP(B76,'ANÁLISE DE DADOS'!$A:$AM,30,0),"")) -> 2025 | AG76: =IF(B76="","",IFERROR(VLOOKUP(B76,'ANÁLISE DE DADOS'!$A:$AM,31,0),"")) -> 45772 | AH76: =IF(B76="","",IFERROR(VLOOKUP(B76,'ANÁLISE DE DADOS'!$A:$AM,32,0),"")) -> abr-25 | AI76: =IF(B76="","",IFERROR(VLOOKUP(B76,'ANÁLISE DE DADOS'!$A:$AM,33,0),"")) -> 2025 | AJ76: =IF(B76="","",IFERROR(VLOOKUP(B76,'ANÁLISE DE DADOS'!$A:$AM,34,0),"")) -> Acompanhando | AK76: =IF(B76="","",IFERROR(VLOOKUP(B76,'ANÁLISE DE DADOS'!$A:$AM,35,0),"")) -> 2200 | AL76: =IF(B76="","",IFERROR(VLOOKUP(B76,'ANÁLISE DE DADOS'!$A:$AM,36,0),"")) -> 0
B77: Total Geral | C77: =IF(B77="","",IFERROR(VLOOKUP(B77,'ANÁLISE DE DADOS'!$A:$AM,1,0),"")) | D77: =IF(B77="","",IFERROR(VLOOKUP(B77,'ANÁLISE DE DADOS'!$A:$AM,2,0),"")) | E77: =IF(B77="","",IFERROR(VLOOKUP(B77,'ANÁLISE DE DADOS'!$A:$AM,3,0),"")) | F77: =IF(B77="","",IFERROR(VLOOKUP(B77,'ANÁLISE DE DADOS'!$A:$AM,4,0),"")) | G77: =IF(B77="","",IFERROR(VLOOKUP(B77,'ANÁLISE DE DADOS'!$A:$AM,5,0),"")) | H77: =IF(B77="","",IFERROR(VLOOKUP(B77,'ANÁLISE DE DADOS'!$A:$AM,6,0),"")) | I77: =IF(B77="","",IFERROR(VLOOKUP(B77,'ANÁLISE DE DADOS'!$A:$AM,7,0),"")) | J77: =IF(B77="","",IFERROR(VLOOKUP(B77,'ANÁLISE DE DADOS'!$A:$AM,8,0),"")) | K77: =IF(B77="","",IFERROR(VLOOKUP(B77,'ANÁLISE DE DADOS'!$A:$AM,9,0),"")) | L77: =IF(B77="","",IFERROR(VLOOKUP(B77,'ANÁLISE DE DADOS'!$A:$AM,10,0),"")) | M77: =IF(B77="","",IFERROR(VLOOKUP(B77,'ANÁLISE DE DADOS'!$A:$AM,11,0),"")) | N77: =IF(B77="","",IFERROR(VLOOKUP(B77,'ANÁLISE DE DADOS'!$A:$AM,12,0),"")) | O77: =IF(B77="","",IFERROR(VLOOKUP(B77,'ANÁLISE DE DADOS'!$A:$AM,13,0),"")) | P77: =IF(B77="","",IFERROR(VLOOKUP(B77,'ANÁLISE DE DADOS'!$A:$AM,14,0),"")) | Q77: =IF(B77="","",IFERROR(VLOOKUP(B77,'ANÁLISE DE DADOS'!$A:$AM,15,0),"")) | R77: =IF(B77="","",IFERROR(VLOOKUP(B77,'ANÁLISE DE DADOS'!$A:$AM,16,0),"")) | S77: =IF(B77="","",IFERROR(VLOOKUP(B77,'ANÁLISE DE DADOS'!$A:$AM,17,0),"")) | T77: =IF(B77="","",IFERROR(VLOOKUP(B77,'ANÁLISE DE DADOS'!$A:$AM,18,0),"")) | U77: =IF(B77="","",IFERROR(VLOOKUP(B77,'ANÁLISE DE DADOS'!$A:$AM,19,0),"")) | V77: =IF(B77="","",IFERROR(VLOOKUP(B77,'ANÁLISE DE DADOS'!$A:$AM,20,0),"")) | W77: =IF(B77="","",IFERROR(VLOOKUP(B77,'ANÁLISE DE DADOS'!$A:$AM,21,0),"")) | X77: =IF(B77="","",IFERROR(VLOOKUP(B77,'ANÁLISE DE DADOS'!$A:$AM,22,0),"")) | Y77: =IF(B77="","",IFERROR(VLOOKUP(B77,'ANÁLISE DE DADOS'!$A:$AM,23,0),"")) | Z77: =IF(B77="","",IFERROR(VLOOKUP(B77,'ANÁLISE DE DADOS'!$A:$AM,24,0),"")) | AA77: =IF(B77="","",IFERROR(VLOOKUP(B77,'ANÁLISE DE DADOS'!$A:$AM,25,0),"")) | AB77: =IF(B77="","",IFERROR(VLOOKUP(B77,'ANÁLISE DE DADOS'!$A:$AM,26,0),"")) | AC77: =IF(B77="","",IFERROR(VLOOKUP(B77,'ANÁLISE DE DADOS'!$A:$AM,27,0),"")) | AD77: =IF(B77="","",IFERROR(VLOOKUP(B77,'ANÁLISE DE DADOS'!$A:$AM,28,0),"")) | AE77: =IF(B77="","",IFERROR(VLOOKUP(B77,'ANÁLISE DE DADOS'!$A:$AM,29,0),"")) | AF77: =IF(B77="","",IFERROR(VLOOKUP(B77,'ANÁLISE DE DADOS'!$A:$AM,30,0),"")) | AG77: =IF(B77="","",IFERROR(VLOOKUP(B77,'ANÁLISE DE DADOS'!$A:$AM,31,0),"")) | AH77: =IF(B77="","",IFERROR(VLOOKUP(B77,'ANÁLISE DE DADOS'!$A:$AM,32,0),"")) | AI77: =IF(B77="","",IFERROR(VLOOKUP(B77,'ANÁLISE DE DADOS'!$A:$AM,33,0),"")) | AJ77: =IF(B77="","",IFERROR(VLOOKUP(B77,'ANÁLISE DE DADOS'!$A:$AM,34,0),"")) | AK77: =IF(B77="","",IFERROR(VLOOKUP(B77,'ANÁLISE DE DADOS'!$A:$AM,35,0),"")) | AL77: =IF(B77="","",IFERROR(VLOOKUP(B77,'ANÁLISE DE DADOS'!$A:$AM,36,0),""))
C78: =IF(B78="","",IFERROR(VLOOKUP(B78,'ANÁLISE DE DADOS'!$A:$AM,1,0),"")) | D78: =IF(B78="","",IFERROR(VLOOKUP(B78,'ANÁLISE DE DADOS'!$A:$AM,2,0),"")) | E78: =IF(B78="","",IFERROR(VLOOKUP(B78,'ANÁLISE DE DADOS'!$A:$AM,3,0),"")) | F78: =IF(B78="","",IFERROR(VLOOKUP(B78,'ANÁLISE DE DADOS'!$A:$AM,4,0),"")) | G78: =IF(B78="","",IFERROR(VLOOKUP(B78,'ANÁLISE DE DADOS'!$A:$AM,5,0),"")) | H78: =IF(B78="","",IFERROR(VLOOKUP(B78,'ANÁLISE DE DADOS'!$A:$AM,6,0),"")) | I78: =IF(B78="","",IFERROR(VLOOKUP(B78,'ANÁLISE DE DADOS'!$A:$AM,7,0),"")) | J78: =IF(B78="","",IFERROR(VLOOKUP(B78,'ANÁLISE DE DADOS'!$A:$AM,8,0),"")) | K78: =IF(B78="","",IFERROR(VLOOKUP(B78,'ANÁLISE DE DADOS'!$A:$AM,9,0),"")) | L78: =IF(B78="","",IFERROR(VLOOKUP(B78,'ANÁLISE DE DADOS'!$A:$AM,10,0),"")) | M78: =IF(B78="","",IFERROR(VLOOKUP(B78,'ANÁLISE DE DADOS'!$A:$AM,11,0),"")) | N78: =IF(B78="","",IFERROR(VLOOKUP(B78,'ANÁLISE DE DADOS'!$A:$AM,12,0),"")) | O78: =IF(B78="","",IFERROR(VLOOKUP(B78,'ANÁLISE DE DADOS'!$A:$AM,13,0),"")) | P78: =IF(B78="","",IFERROR(VLOOKUP(B78,'ANÁLISE DE DADOS'!$A:$AM,14,0),"")) | Q78: =IF(B78="","",IFERROR(VLOOKUP(B78,'ANÁLISE DE DADOS'!$A:$AM,15,0),"")) | R78: =IF(B78="","",IFERROR(VLOOKUP(B78,'ANÁLISE DE DADOS'!$A:$AM,16,0),"")) | S78: =IF(B78="","",IFERROR(VLOOKUP(B78,'ANÁLISE DE DADOS'!$A:$AM,17,0),"")) | T78: =IF(B78="","",IFERROR(VLOOKUP(B78,'ANÁLISE DE DADOS'!$A:$AM,18,0),"")) | U78: =IF(B78="","",IFERROR(VLOOKUP(B78,'ANÁLISE DE DADOS'!$A:$AM,19,0),"")) | V78: =IF(B78="","",IFERROR(VLOOKUP(B78,'ANÁLISE DE DADOS'!$A:$AM,20,0),"")) | W78: =IF(B78="","",IFERROR(VLOOKUP(B78,'ANÁLISE DE DADOS'!$A:$AM,21,0),"")) | X78: =IF(B78="","",IFERROR(VLOOKUP(B78,'ANÁLISE DE DADOS'!$A:$AM,22,0),"")) | Y78: =IF(B78="","",IFERROR(VLOOKUP(B78,'ANÁLISE DE DADOS'!$A:$AM,23,0),"")) | Z78: =IF(B78="","",IFERROR(VLOOKUP(B78,'ANÁLISE DE DADOS'!$A:$AM,24,0),"")) | AA78: =IF(B78="","",IFERROR(VLOOKUP(B78,'ANÁLISE DE DADOS'!$A:$AM,25,0),"")) | AB78: =IF(B78="","",IFERROR(VLOOKUP(B78,'ANÁLISE DE DADOS'!$A:$AM,26,0),"")) | AC78: =IF(B78="","",IFERROR(VLOOKUP(B78,'ANÁLISE DE DADOS'!$A:$AM,27,0),"")) | AD78: =IF(B78="","",IFERROR(VLOOKUP(B78,'ANÁLISE DE DADOS'!$A:$AM,28,0),"")) | AE78: =IF(B78="","",IFERROR(VLOOKUP(B78,'ANÁLISE DE DADOS'!$A:$AM,29,0),"")) | AF78: =IF(B78="","",IFERROR(VLOOKUP(B78,'ANÁLISE DE DADOS'!$A:$AM,30,0),"")) | AG78: =IF(B78="","",IFERROR(VLOOKUP(B78,'ANÁLISE DE DADOS'!$A:$AM,31,0),"")) | AH78: =IF(B78="","",IFERROR(VLOOKUP(B78,'ANÁLISE DE DADOS'!$A:$AM,32,0),"")) | AI78: =IF(B78="","",IFERROR(VLOOKUP(B78,'ANÁLISE DE DADOS'!$A:$AM,33,0),"")) | AJ78: =IF(B78="","",IFERROR(VLOOKUP(B78,'ANÁLISE DE DADOS'!$A:$AM,34,0),"")) | AK78: =IF(B78="","",IFERROR(VLOOKUP(B78,'ANÁLISE DE DADOS'!$A:$AM,35,0),"")) | AL78: =IF(B78="","",IFERROR(VLOOKUP(B78,'ANÁLISE DE DADOS'!$A:$AM,36,0),""))
C79: =IF(B79="","",IFERROR(VLOOKUP(B79,'ANÁLISE DE DADOS'!$A:$AM,1,0),"")) | D79: =IF(B79="","",IFERROR(VLOOKUP(B79,'ANÁLISE DE DADOS'!$A:$AM,2,0),"")) | E79: =IF(B79="","",IFERROR(VLOOKUP(B79,'ANÁLISE DE DADOS'!$A:$AM,3,0),"")) | F79: =IF(B79="","",IFERROR(VLOOKUP(B79,'ANÁLISE DE DADOS'!$A:$AM,4,0),"")) | G79: =IF(B79="","",IFERROR(VLOOKUP(B79,'ANÁLISE DE DADOS'!$A:$AM,5,0),"")) | H79: =IF(B79="","",IFERROR(VLOOKUP(B79,'ANÁLISE DE DADOS'!$A:$AM,6,0),"")) | I79: =IF(B79="","",IFERROR(VLOOKUP(B79,'ANÁLISE DE DADOS'!$A:$AM,7,0),"")) | J79: =IF(B79="","",IFERROR(VLOOKUP(B79,'ANÁLISE DE DADOS'!$A:$AM,8,0),"")) | K79: =IF(B79="","",IFERROR(VLOOKUP(B79,'ANÁLISE DE DADOS'!$A:$AM,9,0),"")) | L79: =IF(B79="","",IFERROR(VLOOKUP(B79,'ANÁLISE DE DADOS'!$A:$AM,10,0),"")) | M79: =IF(B79="","",IFERROR(VLOOKUP(B79,'ANÁLISE DE DADOS'!$A:$AM,11,0),"")) | N79: =IF(B79="","",IFERROR(VLOOKUP(B79,'ANÁLISE DE DADOS'!$A:$AM,12,0),"")) | O79: =IF(B79="","",IFERROR(VLOOKUP(B79,'ANÁLISE DE DADOS'!$A:$AM,13,0),"")) | P79: =IF(B79="","",IFERROR(VLOOKUP(B79,'ANÁLISE DE DADOS'!$A:$AM,14,0),"")) | Q79: =IF(B79="","",IFERROR(VLOOKUP(B79,'ANÁLISE DE DADOS'!$A:$AM,15,0),"")) | R79: =IF(B79="","",IFERROR(VLOOKUP(B79,'ANÁLISE DE DADOS'!$A:$AM,16,0),"")) | S79: =IF(B79="","",IFERROR(VLOOKUP(B79,'ANÁLISE DE DADOS'!$A:$AM,17,0),"")) | T79: =IF(B79="","",IFERROR(VLOOKUP(B79,'ANÁLISE DE DADOS'!$A:$AM,18,0),"")) | U79: =IF(B79="","",IFERROR(VLOOKUP(B79,'ANÁLISE DE DADOS'!$A:$AM,19,0),"")) | V79: =IF(B79="","",IFERROR(VLOOKUP(B79,'ANÁLISE DE DADOS'!$A:$AM,20,0),"")) | W79: =IF(B79="","",IFERROR(VLOOKUP(B79,'ANÁLISE DE DADOS'!$A:$AM,21,0),"")) | X79: =IF(B79="","",IFERROR(VLOOKUP(B79,'ANÁLISE DE DADOS'!$A:$AM,22,0),"")) | Y79: =IF(B79="","",IFERROR(VLOOKUP(B79,'ANÁLISE DE DADOS'!$A:$AM,23,0),"")) | Z79: =IF(B79="","",IFERROR(VLOOKUP(B79,'ANÁLISE DE DADOS'!$A:$AM,24,0),"")) | AA79: =IF(B79="","",IFERROR(VLOOKUP(B79,'ANÁLISE DE DADOS'!$A:$AM,25,0),"")) | AB79: =IF(B79="","",IFERROR(VLOOKUP(B79,'ANÁLISE DE DADOS'!$A:$AM,26,0),"")) | AC79: =IF(B79="","",IFERROR(VLOOKUP(B79,'ANÁLISE DE DADOS'!$A:$AM,27,0),"")) | AD79: =IF(B79="","",IFERROR(VLOOKUP(B79,'ANÁLISE DE DADOS'!$A:$AM,28,0),"")) | AE79: =IF(B79="","",IFERROR(VLOOKUP(B79,'ANÁLISE DE DADOS'!$A:$AM,29,0),"")) | AF79: =IF(B79="","",IFERROR(VLOOKUP(B79,'ANÁLISE DE DADOS'!$A:$AM,30,0),"")) | AG79: =IF(B79="","",IFERROR(VLOOKUP(B79,'ANÁLISE DE DADOS'!$A:$AM,31,0),"")) | AH79: =IF(B79="","",IFERROR(VLOOKUP(B79,'ANÁLISE DE DADOS'!$A:$AM,32,0),"")) | AI79: =IF(B79="","",IFERROR(VLOOKUP(B79,'ANÁLISE DE DADOS'!$A:$AM,33,0),"")) | AJ79: =IF(B79="","",IFERROR(VLOOKUP(B79,'ANÁLISE DE DADOS'!$A:$AM,34,0),"")) | AK79: =IF(B79="","",IFERROR(VLOOKUP(B79,'ANÁLISE DE DADOS'!$A:$AM,35,0),"")) | AL79: =IF(B79="","",IFERROR(VLOOKUP(B79,'ANÁLISE DE DADOS'!$A:$AM,36,0),""))
C80: =IF(B80="","",IFERROR(VLOOKUP(B80,'ANÁLISE DE DADOS'!$A:$AM,1,0),"")) | D80: =IF(B80="","",IFERROR(VLOOKUP(B80,'ANÁLISE DE DADOS'!$A:$AM,2,0),"")) | E80: =IF(B80="","",IFERROR(VLOOKUP(B80,'ANÁLISE DE DADOS'!$A:$AM,3,0),"")) | F80: =IF(B80="","",IFERROR(VLOOKUP(B80,'ANÁLISE DE DADOS'!$A:$AM,4,0),"")) | G80: =IF(B80="","",IFERROR(VLOOKUP(B80,'ANÁLISE DE DADOS'!$A:$AM,5,0),"")) | H80: =IF(B80="","",IFERROR(VLOOKUP(B80,'ANÁLISE DE DADOS'!$A:$AM,6,0),"")) | I80: =IF(B80="","",IFERROR(VLOOKUP(B80,'ANÁLISE DE DADOS'!$A:$AM,7,0),"")) | J80: =IF(B80="","",IFERROR(VLOOKUP(B80,'ANÁLISE DE DADOS'!$A:$AM,8,0),"")) | K80: =IF(B80="","",IFERROR(VLOOKUP(B80,'ANÁLISE DE DADOS'!$A:$AM,9,0),"")) | L80: =IF(B80="","",IFERROR(VLOOKUP(B80,'ANÁLISE DE DADOS'!$A:$AM,10,0),"")) | M80: =IF(B80="","",IFERROR(VLOOKUP(B80,'ANÁLISE DE DADOS'!$A:$AM,11,0),"")) | N80: =IF(B80="","",IFERROR(VLOOKUP(B80,'ANÁLISE DE DADOS'!$A:$AM,12,0),"")) | O80: =IF(B80="","",IFERROR(VLOOKUP(B80,'ANÁLISE DE DADOS'!$A:$AM,13,0),"")) | P80: =IF(B80="","",IFERROR(VLOOKUP(B80,'ANÁLISE DE DADOS'!$A:$AM,14,0),"")) | Q80: =IF(B80="","",IFERROR(VLOOKUP(B80,'ANÁLISE DE DADOS'!$A:$AM,15,0),"")) | R80: =IF(B80="","",IFERROR(VLOOKUP(B80,'ANÁLISE DE DADOS'!$A:$AM,16,0),"")) | S80: =IF(B80="","",IFERROR(VLOOKUP(B80,'ANÁLISE DE DADOS'!$A:$AM,17,0),"")) | T80: =IF(B80="","",IFERROR(VLOOKUP(B80,'ANÁLISE DE DADOS'!$A:$AM,18,0),"")) | U80: =IF(B80="","",IFERROR(VLOOKUP(B80,'ANÁLISE DE DADOS'!$A:$AM,19,0),"")) | V80: =IF(B80="","",IFERROR(VLOOKUP(B80,'ANÁLISE DE DADOS'!$A:$AM,20,0),"")) | W80: =IF(B80="","",IFERROR(VLOOKUP(B80,'ANÁLISE DE DADOS'!$A:$AM,21,0),"")) | X80: =IF(B80="","",IFERROR(VLOOKUP(B80,'ANÁLISE DE DADOS'!$A:$AM,22,0),"")) | Y80: =IF(B80="","",IFERROR(VLOOKUP(B80,'ANÁLISE DE DADOS'!$A:$AM,23,0),"")) | Z80: =IF(B80="","",IFERROR(VLOOKUP(B80,'ANÁLISE DE DADOS'!$A:$AM,24,0),"")) | AA80: =IF(B80="","",IFERROR(VLOOKUP(B80,'ANÁLISE DE DADOS'!$A:$AM,25,0),"")) | AB80: =IF(B80="","",IFERROR(VLOOKUP(B80,'ANÁLISE DE DADOS'!$A:$AM,26,0),"")) | AC80: =IF(B80="","",IFERROR(VLOOKUP(B80,'ANÁLISE DE DADOS'!$A:$AM,27,0),"")) | AD80: =IF(B80="","",IFERROR(VLOOKUP(B80,'ANÁLISE DE DADOS'!$A:$AM,28,0),"")) | AE80: =IF(B80="","",IFERROR(VLOOKUP(B80,'ANÁLISE DE DADOS'!$A:$AM,29,0),"")) | AF80: =IF(B80="","",IFERROR(VLOOKUP(B80,'ANÁLISE DE DADOS'!$A:$AM,30,0),"")) | AG80: =IF(B80="","",IFERROR(VLOOKUP(B80,'ANÁLISE DE DADOS'!$A:$AM,31,0),"")) | AH80: =IF(B80="","",IFERROR(VLOOKUP(B80,'ANÁLISE DE DADOS'!$A:$AM,32,0),"")) | AI80: =IF(B80="","",IFERROR(VLOOKUP(B80,'ANÁLISE DE DADOS'!$A:$AM,33,0),"")) | AJ80: =IF(B80="","",IFERROR(VLOOKUP(B80,'ANÁLISE DE DADOS'!$A:$AM,34,0),"")) | AK80: =IF(B80="","",IFERROR(VLOOKUP(B80,'ANÁLISE DE DADOS'!$A:$AM,35,0),"")) | AL80: =IF(B80="","",IFERROR(VLOOKUP(B80,'ANÁLISE DE DADOS'!$A:$AM,36,0),""))
C81: =IF(B81="","",IFERROR(VLOOKUP(B81,'ANÁLISE DE DADOS'!$A:$AM,1,0),"")) | D81: =IF(B81="","",IFERROR(VLOOKUP(B81,'ANÁLISE DE DADOS'!$A:$AM,2,0),"")) | E81: =IF(B81="","",IFERROR(VLOOKUP(B81,'ANÁLISE DE DADOS'!$A:$AM,3,0),"")) | F81: =IF(B81="","",IFERROR(VLOOKUP(B81,'ANÁLISE DE DADOS'!$A:$AM,4,0),"")) | G81: =IF(B81="","",IFERROR(VLOOKUP(B81,'ANÁLISE DE DADOS'!$A:$AM,5,0),"")) | H81: =IF(B81="","",IFERROR(VLOOKUP(B81,'ANÁLISE DE DADOS'!$A:$AM,6,0),"")) | I81: =IF(B81="","",IFERROR(VLOOKUP(B81,'ANÁLISE DE DADOS'!$A:$AM,7,0),"")) | J81: =IF(B81="","",IFERROR(VLOOKUP(B81,'ANÁLISE DE DADOS'!$A:$AM,8,0),"")) | K81: =IF(B81="","",IFERROR(VLOOKUP(B81,'ANÁLISE DE DADOS'!$A:$AM,9,0),"")) | L81: =IF(B81="","",IFERROR(VLOOKUP(B81,'ANÁLISE DE DADOS'!$A:$AM,10,0),"")) | M81: =IF(B81="","",IFERROR(VLOOKUP(B81,'ANÁLISE DE DADOS'!$A:$AM,11,0),"")) | N81: =IF(B81="","",IFERROR(VLOOKUP(B81,'ANÁLISE DE DADOS'!$A:$AM,12,0),"")) | O81: =IF(B81="","",IFERROR(VLOOKUP(B81,'ANÁLISE DE DADOS'!$A:$AM,13,0),"")) | P81: =IF(B81="","",IFERROR(VLOOKUP(B81,'ANÁLISE DE DADOS'!$A:$AM,14,0),"")) | Q81: =IF(B81="","",IFERROR(VLOOKUP(B81,'ANÁLISE DE DADOS'!$A:$AM,15,0),"")) | R81: =IF(B81="","",IFERROR(VLOOKUP(B81,'ANÁLISE DE DADOS'!$A:$AM,16,0),"")) | S81: =IF(B81="","",IFERROR(VLOOKUP(B81,'ANÁLISE DE DADOS'!$A:$AM,17,0),"")) | T81: =IF(B81="","",IFERROR(VLOOKUP(B81,'ANÁLISE DE DADOS'!$A:$AM,18,0),"")) | U81: =IF(B81="","",IFERROR(VLOOKUP(B81,'ANÁLISE DE DADOS'!$A:$AM,19,0),"")) | V81: =IF(B81="","",IFERROR(VLOOKUP(B81,'ANÁLISE DE DADOS'!$A:$AM,20,0),"")) | W81: =IF(B81="","",IFERROR(VLOOKUP(B81,'ANÁLISE DE DADOS'!$A:$AM,21,0),"")) | X81: =IF(B81="","",IFERROR(VLOOKUP(B81,'ANÁLISE DE DADOS'!$A:$AM,22,0),"")) | Y81: =IF(B81="","",IFERROR(VLOOKUP(B81,'ANÁLISE DE DADOS'!$A:$AM,23,0),"")) | Z81: =IF(B81="","",IFERROR(VLOOKUP(B81,'ANÁLISE DE DADOS'!$A:$AM,24,0),"")) | AA81: =IF(B81="","",IFERROR(VLOOKUP(B81,'ANÁLISE DE DADOS'!$A:$AM,25,0),"")) | AB81: =IF(B81="","",IFERROR(VLOOKUP(B81,'ANÁLISE DE DADOS'!$A:$AM,26,0),"")) | AC81: =IF(B81="","",IFERROR(VLOOKUP(B81,'ANÁLISE DE DADOS'!$A:$AM,27,0),"")) | AD81: =IF(B81="","",IFERROR(VLOOKUP(B81,'ANÁLISE DE DADOS'!$A:$AM,28,0),"")) | AE81: =IF(B81="","",IFERROR(VLOOKUP(B81,'ANÁLISE DE DADOS'!$A:$AM,29,0),"")) | AF81: =IF(B81="","",IFERROR(VLOOKUP(B81,'ANÁLISE DE DADOS'!$A:$AM,30,0),"")) | AG81: =IF(B81="","",IFERROR(VLOOKUP(B81,'ANÁLISE DE DADOS'!$A:$AM,31,0),"")) | AH81: =IF(B81="","",IFERROR(VLOOKUP(B81,'ANÁLISE DE DADOS'!$A:$AM,32,0),"")) | AI81: =IF(B81="","",IFERROR(VLOOKUP(B81,'ANÁLISE DE DADOS'!$A:$AM,33,0),"")) | AJ81: =IF(B81="","",IFERROR(VLOOKUP(B81,'ANÁLISE DE DADOS'!$A:$AM,34,0),"")) | AK81: =IF(B81="","",IFERROR(VLOOKUP(B81,'ANÁLISE DE DADOS'!$A:$AM,35,0),"")) | AL81: =IF(B81="","",IFERROR(VLOOKUP(B81,'ANÁLISE DE DADOS'!$A:$AM,36,0),""))
C82: =IF(B82="","",IFERROR(VLOOKUP(B82,'ANÁLISE DE DADOS'!$A:$AM,1,0),"")) | D82: =IF(B82="","",IFERROR(VLOOKUP(B82,'ANÁLISE DE DADOS'!$A:$AM,2,0),"")) | E82: =IF(B82="","",IFERROR(VLOOKUP(B82,'ANÁLISE DE DADOS'!$A:$AM,3,0),"")) | F82: =IF(B82="","",IFERROR(VLOOKUP(B82,'ANÁLISE DE DADOS'!$A:$AM,4,0),"")) | G82: =IF(B82="","",IFERROR(VLOOKUP(B82,'ANÁLISE DE DADOS'!$A:$AM,5,0),"")) | H82: =IF(B82="","",IFERROR(VLOOKUP(B82,'ANÁLISE DE DADOS'!$A:$AM,6,0),"")) | I82: =IF(B82="","",IFERROR(VLOOKUP(B82,'ANÁLISE DE DADOS'!$A:$AM,7,0),"")) | J82: =IF(B82="","",IFERROR(VLOOKUP(B82,'ANÁLISE DE DADOS'!$A:$AM,8,0),"")) | K82: =IF(B82="","",IFERROR(VLOOKUP(B82,'ANÁLISE DE DADOS'!$A:$AM,9,0),"")) | L82: =IF(B82="","",IFERROR(VLOOKUP(B82,'ANÁLISE DE DADOS'!$A:$AM,10,0),"")) | M82: =IF(B82="","",IFERROR(VLOOKUP(B82,'ANÁLISE DE DADOS'!$A:$AM,11,0),"")) | N82: =IF(B82="","",IFERROR(VLOOKUP(B82,'ANÁLISE DE DADOS'!$A:$AM,12,0),"")) | O82: =IF(B82="","",IFERROR(VLOOKUP(B82,'ANÁLISE DE DADOS'!$A:$AM,13,0),"")) | P82: =IF(B82="","",IFERROR(VLOOKUP(B82,'ANÁLISE DE DADOS'!$A:$AM,14,0),"")) | Q82: =IF(B82="","",IFERROR(VLOOKUP(B82,'ANÁLISE DE DADOS'!$A:$AM,15,0),"")) | R82: =IF(B82="","",IFERROR(VLOOKUP(B82,'ANÁLISE DE DADOS'!$A:$AM,16,0),"")) | S82: =IF(B82="","",IFERROR(VLOOKUP(B82,'ANÁLISE DE DADOS'!$A:$AM,17,0),"")) | T82: =IF(B82="","",IFERROR(VLOOKUP(B82,'ANÁLISE DE DADOS'!$A:$AM,18,0),"")) | U82: =IF(B82="","",IFERROR(VLOOKUP(B82,'ANÁLISE DE DADOS'!$A:$AM,19,0),"")) | V82: =IF(B82="","",IFERROR(VLOOKUP(B82,'ANÁLISE DE DADOS'!$A:$AM,20,0),"")) | W82: =IF(B82="","",IFERROR(VLOOKUP(B82,'ANÁLISE DE DADOS'!$A:$AM,21,0),"")) | X82: =IF(B82="","",IFERROR(VLOOKUP(B82,'ANÁLISE DE DADOS'!$A:$AM,22,0),"")) | Y82: =IF(B82="","",IFERROR(VLOOKUP(B82,'ANÁLISE DE DADOS'!$A:$AM,23,0),"")) | Z82: =IF(B82="","",IFERROR(VLOOKUP(B82,'ANÁLISE DE DADOS'!$A:$AM,24,0),"")) | AA82: =IF(B82="","",IFERROR(VLOOKUP(B82,'ANÁLISE DE DADOS'!$A:$AM,25,0),"")) | AB82: =IF(B82="","",IFERROR(VLOOKUP(B82,'ANÁLISE DE DADOS'!$A:$AM,26,0),"")) | AC82: =IF(B82="","",IFERROR(VLOOKUP(B82,'ANÁLISE DE DADOS'!$A:$AM,27,0),"")) | AD82: =IF(B82="","",IFERROR(VLOOKUP(B82,'ANÁLISE DE DADOS'!$A:$AM,28,0),"")) | AE82: =IF(B82="","",IFERROR(VLOOKUP(B82,'ANÁLISE DE DADOS'!$A:$AM,29,0),"")) | AF82: =IF(B82="","",IFERROR(VLOOKUP(B82,'ANÁLISE DE DADOS'!$A:$AM,30,0),"")) | AG82: =IF(B82="","",IFERROR(VLOOKUP(B82,'ANÁLISE DE DADOS'!$A:$AM,31,0),"")) | AH82: =IF(B82="","",IFERROR(VLOOKUP(B82,'ANÁLISE DE DADOS'!$A:$AM,32,0),"")) | AI82: =IF(B82="","",IFERROR(VLOOKUP(B82,'ANÁLISE DE DADOS'!$A:$AM,33,0),"")) | AJ82: =IF(B82="","",IFERROR(VLOOKUP(B82,'ANÁLISE DE DADOS'!$A:$AM,34,0),"")) | AK82: =IF(B82="","",IFERROR(VLOOKUP(B82,'ANÁLISE DE DADOS'!$A:$AM,35,0),"")) | AL82: =IF(B82="","",IFERROR(VLOOKUP(B82,'ANÁLISE DE DADOS'!$A:$AM,36,0),""))
C83: =IF(B83="","",IFERROR(VLOOKUP(B83,'ANÁLISE DE DADOS'!$A:$AM,1,0),"")) | D83: =IF(B83="","",IFERROR(VLOOKUP(B83,'ANÁLISE DE DADOS'!$A:$AM,2,0),"")) | E83: =IF(B83="","",IFERROR(VLOOKUP(B83,'ANÁLISE DE DADOS'!$A:$AM,3,0),"")) | F83: =IF(B83="","",IFERROR(VLOOKUP(B83,'ANÁLISE DE DADOS'!$A:$AM,4,0),"")) | G83: =IF(B83="","",IFERROR(VLOOKUP(B83,'ANÁLISE DE DADOS'!$A:$AM,5,0),"")) | H83: =IF(B83="","",IFERROR(VLOOKUP(B83,'ANÁLISE DE DADOS'!$A:$AM,6,0),"")) | I83: =IF(B83="","",IFERROR(VLOOKUP(B83,'ANÁLISE DE DADOS'!$A:$AM,7,0),"")) | J83: =IF(B83="","",IFERROR(VLOOKUP(B83,'ANÁLISE DE DADOS'!$A:$AM,8,0),"")) | K83: =IF(B83="","",IFERROR(VLOOKUP(B83,'ANÁLISE DE DADOS'!$A:$AM,9,0),"")) | L83: =IF(B83="","",IFERROR(VLOOKUP(B83,'ANÁLISE DE DADOS'!$A:$AM,10,0),"")) | M83: =IF(B83="","",IFERROR(VLOOKUP(B83,'ANÁLISE DE DADOS'!$A:$AM,11,0),"")) | N83: =IF(B83="","",IFERROR(VLOOKUP(B83,'ANÁLISE DE DADOS'!$A:$AM,12,0),"")) | O83: =IF(B83="","",IFERROR(VLOOKUP(B83,'ANÁLISE DE DADOS'!$A:$AM,13,0),"")) | P83: =IF(B83="","",IFERROR(VLOOKUP(B83,'ANÁLISE DE DADOS'!$A:$AM,14,0),"")) | Q83: =IF(B83="","",IFERROR(VLOOKUP(B83,'ANÁLISE DE DADOS'!$A:$AM,15,0),"")) | R83: =IF(B83="","",IFERROR(VLOOKUP(B83,'ANÁLISE DE DADOS'!$A:$AM,16,0),"")) | S83: =IF(B83="","",IFERROR(VLOOKUP(B83,'ANÁLISE DE DADOS'!$A:$AM,17,0),"")) | T83: =IF(B83="","",IFERROR(VLOOKUP(B83,'ANÁLISE DE DADOS'!$A:$AM,18,0),"")) | U83: =IF(B83="","",IFERROR(VLOOKUP(B83,'ANÁLISE DE DADOS'!$A:$AM,19,0),"")) | V83: =IF(B83="","",IFERROR(VLOOKUP(B83,'ANÁLISE DE DADOS'!$A:$AM,20,0),"")) | W83: =IF(B83="","",IFERROR(VLOOKUP(B83,'ANÁLISE DE DADOS'!$A:$AM,21,0),"")) | X83: =IF(B83="","",IFERROR(VLOOKUP(B83,'ANÁLISE DE DADOS'!$A:$AM,22,0),"")) | Y83: =IF(B83="","",IFERROR(VLOOKUP(B83,'ANÁLISE DE DADOS'!$A:$AM,23,0),"")) | Z83: =IF(B83="","",IFERROR(VLOOKUP(B83,'ANÁLISE DE DADOS'!$A:$AM,24,0),"")) | AA83: =IF(B83="","",IFERROR(VLOOKUP(B83,'ANÁLISE DE DADOS'!$A:$AM,25,0),"")) | AB83: =IF(B83="","",IFERROR(VLOOKUP(B83,'ANÁLISE DE DADOS'!$A:$AM,26,0),"")) | AC83: =IF(B83="","",IFERROR(VLOOKUP(B83,'ANÁLISE DE DADOS'!$A:$AM,27,0),"")) | AD83: =IF(B83="","",IFERROR(VLOOKUP(B83,'ANÁLISE DE DADOS'!$A:$AM,28,0),"")) | AE83: =IF(B83="","",IFERROR(VLOOKUP(B83,'ANÁLISE DE DADOS'!$A:$AM,29,0),"")) | AF83: =IF(B83="","",IFERROR(VLOOKUP(B83,'ANÁLISE DE DADOS'!$A:$AM,30,0),"")) | AG83: =IF(B83="","",IFERROR(VLOOKUP(B83,'ANÁLISE DE DADOS'!$A:$AM,31,0),"")) | AH83: =IF(B83="","",IFERROR(VLOOKUP(B83,'ANÁLISE DE DADOS'!$A:$AM,32,0),"")) | AI83: =IF(B83="","",IFERROR(VLOOKUP(B83,'ANÁLISE DE DADOS'!$A:$AM,33,0),"")) | AJ83: =IF(B83="","",IFERROR(VLOOKUP(B83,'ANÁLISE DE DADOS'!$A:$AM,34,0),"")) | AK83: =IF(B83="","",IFERROR(VLOOKUP(B83,'ANÁLISE DE DADOS'!$A:$AM,35,0),"")) | AL83: =IF(B83="","",IFERROR(VLOOKUP(B83,'ANÁLISE DE DADOS'!$A:$AM,36,0),""))
C84: =IF(B84="","",IFERROR(VLOOKUP(B84,'ANÁLISE DE DADOS'!$A:$AM,1,0),"")) | D84: =IF(B84="","",IFERROR(VLOOKUP(B84,'ANÁLISE DE DADOS'!$A:$AM,2,0),"")) | E84: =IF(B84="","",IFERROR(VLOOKUP(B84,'ANÁLISE DE DADOS'!$A:$AM,3,0),"")) | F84: =IF(B84="","",IFERROR(VLOOKUP(B84,'ANÁLISE DE DADOS'!$A:$AM,4,0),"")) | G84: =IF(B84="","",IFERROR(VLOOKUP(B84,'ANÁLISE DE DADOS'!$A:$AM,5,0),"")) | H84: =IF(B84="","",IFERROR(VLOOKUP(B84,'ANÁLISE DE DADOS'!$A:$AM,6,0),"")) | I84: =IF(B84="","",IFERROR(VLOOKUP(B84,'ANÁLISE DE DADOS'!$A:$AM,7,0),"")) | J84: =IF(B84="","",IFERROR(VLOOKUP(B84,'ANÁLISE DE DADOS'!$A:$AM,8,0),"")) | K84: =IF(B84="","",IFERROR(VLOOKUP(B84,'ANÁLISE DE DADOS'!$A:$AM,9,0),"")) | L84: =IF(B84="","",IFERROR(VLOOKUP(B84,'ANÁLISE DE DADOS'!$A:$AM,10,0),"")) | M84: =IF(B84="","",IFERROR(VLOOKUP(B84,'ANÁLISE DE DADOS'!$A:$AM,11,0),"")) | N84: =IF(B84="","",IFERROR(VLOOKUP(B84,'ANÁLISE DE DADOS'!$A:$AM,12,0),"")) | O84: =IF(B84="","",IFERROR(VLOOKUP(B84,'ANÁLISE DE DADOS'!$A:$AM,13,0),"")) | P84: =IF(B84="","",IFERROR(VLOOKUP(B84,'ANÁLISE DE DADOS'!$A:$AM,14,0),"")) | Q84: =IF(B84="","",IFERROR(VLOOKUP(B84,'ANÁLISE DE DADOS'!$A:$AM,15,0),"")) | R84: =IF(B84="","",IFERROR(VLOOKUP(B84,'ANÁLISE DE DADOS'!$A:$AM,16,0),"")) | S84: =IF(B84="","",IFERROR(VLOOKUP(B84,'ANÁLISE DE DADOS'!$A:$AM,17,0),"")) | T84: =IF(B84="","",IFERROR(VLOOKUP(B84,'ANÁLISE DE DADOS'!$A:$AM,18,0),"")) | U84: =IF(B84="","",IFERROR(VLOOKUP(B84,'ANÁLISE DE DADOS'!$A:$AM,19,0),"")) | V84: =IF(B84="","",IFERROR(VLOOKUP(B84,'ANÁLISE DE DADOS'!$A:$AM,20,0),"")) | W84: =IF(B84="","",IFERROR(VLOOKUP(B84,'ANÁLISE DE DADOS'!$A:$AM,21,0),"")) | X84: =IF(B84="","",IFERROR(VLOOKUP(B84,'ANÁLISE DE DADOS'!$A:$AM,22,0),"")) | Y84: =IF(B84="","",IFERROR(VLOOKUP(B84,'ANÁLISE DE DADOS'!$A:$AM,23,0),"")) | Z84: =IF(B84="","",IFERROR(VLOOKUP(B84,'ANÁLISE DE DADOS'!$A:$AM,24,0),"")) | AA84: =IF(B84="","",IFERROR(VLOOKUP(B84,'ANÁLISE DE DADOS'!$A:$AM,25,0),"")) | AB84: =IF(B84="","",IFERROR(VLOOKUP(B84,'ANÁLISE DE DADOS'!$A:$AM,26,0),"")) | AC84: =IF(B84="","",IFERROR(VLOOKUP(B84,'ANÁLISE DE DADOS'!$A:$AM,27,0),"")) | AD84: =IF(B84="","",IFERROR(VLOOKUP(B84,'ANÁLISE DE DADOS'!$A:$AM,28,0),"")) | AE84: =IF(B84="","",IFERROR(VLOOKUP(B84,'ANÁLISE DE DADOS'!$A:$AM,29,0),"")) | AF84: =IF(B84="","",IFERROR(VLOOKUP(B84,'ANÁLISE DE DADOS'!$A:$AM,30,0),"")) | AG84: =IF(B84="","",IFERROR(VLOOKUP(B84,'ANÁLISE DE DADOS'!$A:$AM,31,0),"")) | AH84: =IF(B84="","",IFERROR(VLOOKUP(B84,'ANÁLISE DE DADOS'!$A:$AM,32,0),"")) | AI84: =IF(B84="","",IFERROR(VLOOKUP(B84,'ANÁLISE DE DADOS'!$A:$AM,33,0),"")) | AJ84: =IF(B84="","",IFERROR(VLOOKUP(B84,'ANÁLISE DE DADOS'!$A:$AM,34,0),"")) | AK84: =IF(B84="","",IFERROR(VLOOKUP(B84,'ANÁLISE DE DADOS'!$A:$AM,35,0),"")) | AL84: =IF(B84="","",IFERROR(VLOOKUP(B84,'ANÁLISE DE DADOS'!$A:$AM,36,0),""))
C85: =IF(B85="","",IFERROR(VLOOKUP(B85,'ANÁLISE DE DADOS'!$A:$AM,1,0),"")) | D85: =IF(B85="","",IFERROR(VLOOKUP(B85,'ANÁLISE DE DADOS'!$A:$AM,2,0),"")) | E85: =IF(B85="","",IFERROR(VLOOKUP(B85,'ANÁLISE DE DADOS'!$A:$AM,3,0),"")) | F85: =IF(B85="","",IFERROR(VLOOKUP(B85,'ANÁLISE DE DADOS'!$A:$AM,4,0),"")) | G85: =IF(B85="","",IFERROR(VLOOKUP(B85,'ANÁLISE DE DADOS'!$A:$AM,5,0),"")) | H85: =IF(B85="","",IFERROR(VLOOKUP(B85,'ANÁLISE DE DADOS'!$A:$AM,6,0),"")) | I85: =IF(B85="","",IFERROR(VLOOKUP(B85,'ANÁLISE DE DADOS'!$A:$AM,7,0),"")) | J85: =IF(B85="","",IFERROR(VLOOKUP(B85,'ANÁLISE DE DADOS'!$A:$AM,8,0),"")) | K85: =IF(B85="","",IFERROR(VLOOKUP(B85,'ANÁLISE DE DADOS'!$A:$AM,9,0),"")) | L85: =IF(B85="","",IFERROR(VLOOKUP(B85,'ANÁLISE DE DADOS'!$A:$AM,10,0),"")) | M85: =IF(B85="","",IFERROR(VLOOKUP(B85,'ANÁLISE DE DADOS'!$A:$AM,11,0),"")) | N85: =IF(B85="","",IFERROR(VLOOKUP(B85,'ANÁLISE DE DADOS'!$A:$AM,12,0),"")) | O85: =IF(B85="","",IFERROR(VLOOKUP(B85,'ANÁLISE DE DADOS'!$A:$AM,13,0),"")) | P85: =IF(B85="","",IFERROR(VLOOKUP(B85,'ANÁLISE DE DADOS'!$A:$AM,14,0),"")) | Q85: =IF(B85="","",IFERROR(VLOOKUP(B85,'ANÁLISE DE DADOS'!$A:$AM,15,0),"")) | R85: =IF(B85="","",IFERROR(VLOOKUP(B85,'ANÁLISE DE DADOS'!$A:$AM,16,0),"")) | S85: =IF(B85="","",IFERROR(VLOOKUP(B85,'ANÁLISE DE DADOS'!$A:$AM,17,0),"")) | T85: =IF(B85="","",IFERROR(VLOOKUP(B85,'ANÁLISE DE DADOS'!$A:$AM,18,0),"")) | U85: =IF(B85="","",IFERROR(VLOOKUP(B85,'ANÁLISE DE DADOS'!$A:$AM,19,0),"")) | V85: =IF(B85="","",IFERROR(VLOOKUP(B85,'ANÁLISE DE DADOS'!$A:$AM,20,0),"")) | W85: =IF(B85="","",IFERROR(VLOOKUP(B85,'ANÁLISE DE DADOS'!$A:$AM,21,0),"")) | X85: =IF(B85="","",IFERROR(VLOOKUP(B85,'ANÁLISE DE DADOS'!$A:$AM,22,0),"")) | Y85: =IF(B85="","",IFERROR(VLOOKUP(B85,'ANÁLISE DE DADOS'!$A:$AM,23,0),"")) | Z85: =IF(B85="","",IFERROR(VLOOKUP(B85,'ANÁLISE DE DADOS'!$A:$AM,24,0),"")) | AA85: =IF(B85="","",IFERROR(VLOOKUP(B85,'ANÁLISE DE DADOS'!$A:$AM,25,0),"")) | AB85: =IF(B85="","",IFERROR(VLOOKUP(B85,'ANÁLISE DE DADOS'!$A:$AM,26,0),"")) | AC85: =IF(B85="","",IFERROR(VLOOKUP(B85,'ANÁLISE DE DADOS'!$A:$AM,27,0),"")) | AD85: =IF(B85="","",IFERROR(VLOOKUP(B85,'ANÁLISE DE DADOS'!$A:$AM,28,0),"")) | AE85: =IF(B85="","",IFERROR(VLOOKUP(B85,'ANÁLISE DE DADOS'!$A:$AM,29,0),"")) | AF85: =IF(B85="","",IFERROR(VLOOKUP(B85,'ANÁLISE DE DADOS'!$A:$AM,30,0),"")) | AG85: =IF(B85="","",IFERROR(VLOOKUP(B85,'ANÁLISE DE DADOS'!$A:$AM,31,0),"")) | AH85: =IF(B85="","",IFERROR(VLOOKUP(B85,'ANÁLISE DE DADOS'!$A:$AM,32,0),"")) | AI85: =IF(B85="","",IFERROR(VLOOKUP(B85,'ANÁLISE DE DADOS'!$A:$AM,33,0),"")) | AJ85: =IF(B85="","",IFERROR(VLOOKUP(B85,'ANÁLISE DE DADOS'!$A:$AM,34,0),"")) | AK85: =IF(B85="","",IFERROR(VLOOKUP(B85,'ANÁLISE DE DADOS'!$A:$AM,35,0),"")) | AL85: =IF(B85="","",IFERROR(VLOOKUP(B85,'ANÁLISE DE DADOS'!$A:$AM,36,0),""))
C86: =IF(B86="","",IFERROR(VLOOKUP(B86,'ANÁLISE DE DADOS'!$A:$AM,1,0),"")) | D86: =IF(B86="","",IFERROR(VLOOKUP(B86,'ANÁLISE DE DADOS'!$A:$AM,2,0),"")) | E86: =IF(B86="","",IFERROR(VLOOKUP(B86,'ANÁLISE DE DADOS'!$A:$AM,3,0),"")) | F86: =IF(B86="","",IFERROR(VLOOKUP(B86,'ANÁLISE DE DADOS'!$A:$AM,4,0),"")) | G86: =IF(B86="","",IFERROR(VLOOKUP(B86,'ANÁLISE DE DADOS'!$A:$AM,5,0),"")) | H86: =IF(B86="","",IFERROR(VLOOKUP(B86,'ANÁLISE DE DADOS'!$A:$AM,6,0),"")) | I86: =IF(B86="","",IFERROR(VLOOKUP(B86,'ANÁLISE DE DADOS'!$A:$AM,7,0),"")) | J86: =IF(B86="","",IFERROR(VLOOKUP(B86,'ANÁLISE DE DADOS'!$A:$AM,8,0),"")) | K86: =IF(B86="","",IFERROR(VLOOKUP(B86,'ANÁLISE DE DADOS'!$A:$AM,9,0),"")) | L86: =IF(B86="","",IFERROR(VLOOKUP(B86,'ANÁLISE DE DADOS'!$A:$AM,10,0),"")) | M86: =IF(B86="","",IFERROR(VLOOKUP(B86,'ANÁLISE DE DADOS'!$A:$AM,11,0),"")) | N86: =IF(B86="","",IFERROR(VLOOKUP(B86,'ANÁLISE DE DADOS'!$A:$AM,12,0),"")) | O86: =IF(B86="","",IFERROR(VLOOKUP(B86,'ANÁLISE DE DADOS'!$A:$AM,13,0),"")) | P86: =IF(B86="","",IFERROR(VLOOKUP(B86,'ANÁLISE DE DADOS'!$A:$AM,14,0),"")) | Q86: =IF(B86="","",IFERROR(VLOOKUP(B86,'ANÁLISE DE DADOS'!$A:$AM,15,0),"")) | R86: =IF(B86="","",IFERROR(VLOOKUP(B86,'ANÁLISE DE DADOS'!$A:$AM,16,0),"")) | S86: =IF(B86="","",IFERROR(VLOOKUP(B86,'ANÁLISE DE DADOS'!$A:$AM,17,0),"")) | T86: =IF(B86="","",IFERROR(VLOOKUP(B86,'ANÁLISE DE DADOS'!$A:$AM,18,0),"")) | U86: =IF(B86="","",IFERROR(VLOOKUP(B86,'ANÁLISE DE DADOS'!$A:$AM,19,0),"")) | V86: =IF(B86="","",IFERROR(VLOOKUP(B86,'ANÁLISE DE DADOS'!$A:$AM,20,0),"")) | W86: =IF(B86="","",IFERROR(VLOOKUP(B86,'ANÁLISE DE DADOS'!$A:$AM,21,0),"")) | X86: =IF(B86="","",IFERROR(VLOOKUP(B86,'ANÁLISE DE DADOS'!$A:$AM,22,0),"")) | Y86: =IF(B86="","",IFERROR(VLOOKUP(B86,'ANÁLISE DE DADOS'!$A:$AM,23,0),"")) | Z86: =IF(B86="","",IFERROR(VLOOKUP(B86,'ANÁLISE DE DADOS'!$A:$AM,24,0),"")) | AA86: =IF(B86="","",IFERROR(VLOOKUP(B86,'ANÁLISE DE DADOS'!$A:$AM,25,0),"")) | AB86: =IF(B86="","",IFERROR(VLOOKUP(B86,'ANÁLISE DE DADOS'!$A:$AM,26,0),"")) | AC86: =IF(B86="","",IFERROR(VLOOKUP(B86,'ANÁLISE DE DADOS'!$A:$AM,27,0),"")) | AD86: =IF(B86="","",IFERROR(VLOOKUP(B86,'ANÁLISE DE DADOS'!$A:$AM,28,0),"")) | AE86: =IF(B86="","",IFERROR(VLOOKUP(B86,'ANÁLISE DE DADOS'!$A:$AM,29,0),"")) | AF86: =IF(B86="","",IFERROR(VLOOKUP(B86,'ANÁLISE DE DADOS'!$A:$AM,30,0),"")) | AG86: =IF(B86="","",IFERROR(VLOOKUP(B86,'ANÁLISE DE DADOS'!$A:$AM,31,0),"")) | AH86: =IF(B86="","",IFERROR(VLOOKUP(B86,'ANÁLISE DE DADOS'!$A:$AM,32,0),"")) | AI86: =IF(B86="","",IFERROR(VLOOKUP(B86,'ANÁLISE DE DADOS'!$A:$AM,33,0),"")) | AJ86: =IF(B86="","",IFERROR(VLOOKUP(B86,'ANÁLISE DE DADOS'!$A:$AM,34,0),"")) | AK86: =IF(B86="","",IFERROR(VLOOKUP(B86,'ANÁLISE DE DADOS'!$A:$AM,35,0),"")) | AL86: =IF(B86="","",IFERROR(VLOOKUP(B86,'ANÁLISE DE DADOS'!$A:$AM,36,0),""))
C87: =IF(B87="","",IFERROR(VLOOKUP(B87,'ANÁLISE DE DADOS'!$A:$AM,1,0),"")) | D87: =IF(B87="","",IFERROR(VLOOKUP(B87,'ANÁLISE DE DADOS'!$A:$AM,2,0),"")) | E87: =IF(B87="","",IFERROR(VLOOKUP(B87,'ANÁLISE DE DADOS'!$A:$AM,3,0),"")) | F87: =IF(B87="","",IFERROR(VLOOKUP(B87,'ANÁLISE DE DADOS'!$A:$AM,4,0),"")) | G87: =IF(B87="","",IFERROR(VLOOKUP(B87,'ANÁLISE DE DADOS'!$A:$AM,5,0),"")) | H87: =IF(B87="","",IFERROR(VLOOKUP(B87,'ANÁLISE DE DADOS'!$A:$AM,6,0),"")) | I87: =IF(B87="","",IFERROR(VLOOKUP(B87,'ANÁLISE DE DADOS'!$A:$AM,7,0),"")) | J87: =IF(B87="","",IFERROR(VLOOKUP(B87,'ANÁLISE DE DADOS'!$A:$AM,8,0),"")) | K87: =IF(B87="","",IFERROR(VLOOKUP(B87,'ANÁLISE DE DADOS'!$A:$AM,9,0),"")) | L87: =IF(B87="","",IFERROR(VLOOKUP(B87,'ANÁLISE DE DADOS'!$A:$AM,10,0),"")) | M87: =IF(B87="","",IFERROR(VLOOKUP(B87,'ANÁLISE DE DADOS'!$A:$AM,11,0),"")) | N87: =IF(B87="","",IFERROR(VLOOKUP(B87,'ANÁLISE DE DADOS'!$A:$AM,12,0),"")) | O87: =IF(B87="","",IFERROR(VLOOKUP(B87,'ANÁLISE DE DADOS'!$A:$AM,13,0),"")) | P87: =IF(B87="","",IFERROR(VLOOKUP(B87,'ANÁLISE DE DADOS'!$A:$AM,14,0),"")) | Q87: =IF(B87="","",IFERROR(VLOOKUP(B87,'ANÁLISE DE DADOS'!$A:$AM,15,0),"")) | R87: =IF(B87="","",IFERROR(VLOOKUP(B87,'ANÁLISE DE DADOS'!$A:$AM,16,0),"")) | S87: =IF(B87="","",IFERROR(VLOOKUP(B87,'ANÁLISE DE DADOS'!$A:$AM,17,0),"")) | T87: =IF(B87="","",IFERROR(VLOOKUP(B87,'ANÁLISE DE DADOS'!$A:$AM,18,0),"")) | U87: =IF(B87="","",IFERROR(VLOOKUP(B87,'ANÁLISE DE DADOS'!$A:$AM,19,0),"")) | V87: =IF(B87="","",IFERROR(VLOOKUP(B87,'ANÁLISE DE DADOS'!$A:$AM,20,0),"")) | W87: =IF(B87="","",IFERROR(VLOOKUP(B87,'ANÁLISE DE DADOS'!$A:$AM,21,0),"")) | X87: =IF(B87="","",IFERROR(VLOOKUP(B87,'ANÁLISE DE DADOS'!$A:$AM,22,0),"")) | Y87: =IF(B87="","",IFERROR(VLOOKUP(B87,'ANÁLISE DE DADOS'!$A:$AM,23,0),"")) | Z87: =IF(B87="","",IFERROR(VLOOKUP(B87,'ANÁLISE DE DADOS'!$A:$AM,24,0),"")) | AA87: =IF(B87="","",IFERROR(VLOOKUP(B87,'ANÁLISE DE DADOS'!$A:$AM,25,0),"")) | AB87: =IF(B87="","",IFERROR(VLOOKUP(B87,'ANÁLISE DE DADOS'!$A:$AM,26,0),"")) | AC87: =IF(B87="","",IFERROR(VLOOKUP(B87,'ANÁLISE DE DADOS'!$A:$AM,27,0),"")) | AD87: =IF(B87="","",IFERROR(VLOOKUP(B87,'ANÁLISE DE DADOS'!$A:$AM,28,0),"")) | AE87: =IF(B87="","",IFERROR(VLOOKUP(B87,'ANÁLISE DE DADOS'!$A:$AM,29,0),"")) | AF87: =IF(B87="","",IFERROR(VLOOKUP(B87,'ANÁLISE DE DADOS'!$A:$AM,30,0),"")) | AG87: =IF(B87="","",IFERROR(VLOOKUP(B87,'ANÁLISE DE DADOS'!$A:$AM,31,0),"")) | AH87: =IF(B87="","",IFERROR(VLOOKUP(B87,'ANÁLISE DE DADOS'!$A:$AM,32,0),"")) | AI87: =IF(B87="","",IFERROR(VLOOKUP(B87,'ANÁLISE DE DADOS'!$A:$AM,33,0),"")) | AJ87: =IF(B87="","",IFERROR(VLOOKUP(B87,'ANÁLISE DE DADOS'!$A:$AM,34,0),"")) | AK87: =IF(B87="","",IFERROR(VLOOKUP(B87,'ANÁLISE DE DADOS'!$A:$AM,35,0),"")) | AL87: =IF(B87="","",IFERROR(VLOOKUP(B87,'ANÁLISE DE DADOS'!$A:$AM,36,0),""))
C88: =IF(B88="","",IFERROR(VLOOKUP(B88,'ANÁLISE DE DADOS'!$A:$AM,1,0),"")) | D88: =IF(B88="","",IFERROR(VLOOKUP(B88,'ANÁLISE DE DADOS'!$A:$AM,2,0),"")) | E88: =IF(B88="","",IFERROR(VLOOKUP(B88,'ANÁLISE DE DADOS'!$A:$AM,3,0),"")) | F88: =IF(B88="","",IFERROR(VLOOKUP(B88,'ANÁLISE DE DADOS'!$A:$AM,4,0),"")) | G88: =IF(B88="","",IFERROR(VLOOKUP(B88,'ANÁLISE DE DADOS'!$A:$AM,5,0),"")) | H88: =IF(B88="","",IFERROR(VLOOKUP(B88,'ANÁLISE DE DADOS'!$A:$AM,6,0),"")) | I88: =IF(B88="","",IFERROR(VLOOKUP(B88,'ANÁLISE DE DADOS'!$A:$AM,7,0),"")) | J88: =IF(B88="","",IFERROR(VLOOKUP(B88,'ANÁLISE DE DADOS'!$A:$AM,8,0),"")) | K88: =IF(B88="","",IFERROR(VLOOKUP(B88,'ANÁLISE DE DADOS'!$A:$AM,9,0),"")) | L88: =IF(B88="","",IFERROR(VLOOKUP(B88,'ANÁLISE DE DADOS'!$A:$AM,10,0),"")) | M88: =IF(B88="","",IFERROR(VLOOKUP(B88,'ANÁLISE DE DADOS'!$A:$AM,11,0),"")) | N88: =IF(B88="","",IFERROR(VLOOKUP(B88,'ANÁLISE DE DADOS'!$A:$AM,12,0),"")) | O88: =IF(B88="","",IFERROR(VLOOKUP(B88,'ANÁLISE DE DADOS'!$A:$AM,13,0),"")) | P88: =IF(B88="","",IFERROR(VLOOKUP(B88,'ANÁLISE DE DADOS'!$A:$AM,14,0),"")) | Q88: =IF(B88="","",IFERROR(VLOOKUP(B88,'ANÁLISE DE DADOS'!$A:$AM,15,0),"")) | R88: =IF(B88="","",IFERROR(VLOOKUP(B88,'ANÁLISE DE DADOS'!$A:$AM,16,0),"")) | S88: =IF(B88="","",IFERROR(VLOOKUP(B88,'ANÁLISE DE DADOS'!$A:$AM,17,0),"")) | T88: =IF(B88="","",IFERROR(VLOOKUP(B88,'ANÁLISE DE DADOS'!$A:$AM,18,0),"")) | U88: =IF(B88="","",IFERROR(VLOOKUP(B88,'ANÁLISE DE DADOS'!$A:$AM,19,0),"")) | V88: =IF(B88="","",IFERROR(VLOOKUP(B88,'ANÁLISE DE DADOS'!$A:$AM,20,0),"")) | W88: =IF(B88="","",IFERROR(VLOOKUP(B88,'ANÁLISE DE DADOS'!$A:$AM,21,0),"")) | X88: =IF(B88="","",IFERROR(VLOOKUP(B88,'ANÁLISE DE DADOS'!$A:$AM,22,0),"")) | Y88: =IF(B88="","",IFERROR(VLOOKUP(B88,'ANÁLISE DE DADOS'!$A:$AM,23,0),"")) | Z88: =IF(B88="","",IFERROR(VLOOKUP(B88,'ANÁLISE DE DADOS'!$A:$AM,24,0),"")) | AA88: =IF(B88="","",IFERROR(VLOOKUP(B88,'ANÁLISE DE DADOS'!$A:$AM,25,0),"")) | AB88: =IF(B88="","",IFERROR(VLOOKUP(B88,'ANÁLISE DE DADOS'!$A:$AM,26,0),"")) | AC88: =IF(B88="","",IFERROR(VLOOKUP(B88,'ANÁLISE DE DADOS'!$A:$AM,27,0),"")) | AD88: =IF(B88="","",IFERROR(VLOOKUP(B88,'ANÁLISE DE DADOS'!$A:$AM,28,0),"")) | AE88: =IF(B88="","",IFERROR(VLOOKUP(B88,'ANÁLISE DE DADOS'!$A:$AM,29,0),"")) | AF88: =IF(B88="","",IFERROR(VLOOKUP(B88,'ANÁLISE DE DADOS'!$A:$AM,30,0),"")) | AG88: =IF(B88="","",IFERROR(VLOOKUP(B88,'ANÁLISE DE DADOS'!$A:$AM,31,0),"")) | AH88: =IF(B88="","",IFERROR(VLOOKUP(B88,'ANÁLISE DE DADOS'!$A:$AM,32,0),"")) | AI88: =IF(B88="","",IFERROR(VLOOKUP(B88,'ANÁLISE DE DADOS'!$A:$AM,33,0),"")) | AJ88: =IF(B88="","",IFERROR(VLOOKUP(B88,'ANÁLISE DE DADOS'!$A:$AM,34,0),"")) | AK88: =IF(B88="","",IFERROR(VLOOKUP(B88,'ANÁLISE DE DADOS'!$A:$AM,35,0),"")) | AL88: =IF(B88="","",IFERROR(VLOOKUP(B88,'ANÁLISE DE DADOS'!$A:$AM,36,0),""))
C89: =IF(B89="","",IFERROR(VLOOKUP(B89,'ANÁLISE DE DADOS'!$A:$AM,1,0),"")) | D89: =IF(B89="","",IFERROR(VLOOKUP(B89,'ANÁLISE DE DADOS'!$A:$AM,2,0),"")) | E89: =IF(B89="","",IFERROR(VLOOKUP(B89,'ANÁLISE DE DADOS'!$A:$AM,3,0),"")) | F89: =IF(B89="","",IFERROR(VLOOKUP(B89,'ANÁLISE DE DADOS'!$A:$AM,4,0),"")) | G89: =IF(B89="","",IFERROR(VLOOKUP(B89,'ANÁLISE DE DADOS'!$A:$AM,5,0),"")) | H89: =IF(B89="","",IFERROR(VLOOKUP(B89,'ANÁLISE DE DADOS'!$A:$AM,6,0),"")) | I89: =IF(B89="","",IFERROR(VLOOKUP(B89,'ANÁLISE DE DADOS'!$A:$AM,7,0),"")) | J89: =IF(B89="","",IFERROR(VLOOKUP(B89,'ANÁLISE DE DADOS'!$A:$AM,8,0),"")) | K89: =IF(B89="","",IFERROR(VLOOKUP(B89,'ANÁLISE DE DADOS'!$A:$AM,9,0),"")) | L89: =IF(B89="","",IFERROR(VLOOKUP(B89,'ANÁLISE DE DADOS'!$A:$AM,10,0),"")) | M89: =IF(B89="","",IFERROR(VLOOKUP(B89,'ANÁLISE DE DADOS'!$A:$AM,11,0),"")) | N89: =IF(B89="","",IFERROR(VLOOKUP(B89,'ANÁLISE DE DADOS'!$A:$AM,12,0),"")) | O89: =IF(B89="","",IFERROR(VLOOKUP(B89,'ANÁLISE DE DADOS'!$A:$AM,13,0),"")) | P89: =IF(B89="","",IFERROR(VLOOKUP(B89,'ANÁLISE DE DADOS'!$A:$AM,14,0),"")) | Q89: =IF(B89="","",IFERROR(VLOOKUP(B89,'ANÁLISE DE DADOS'!$A:$AM,15,0),"")) | R89: =IF(B89="","",IFERROR(VLOOKUP(B89,'ANÁLISE DE DADOS'!$A:$AM,16,0),"")) | S89: =IF(B89="","",IFERROR(VLOOKUP(B89,'ANÁLISE DE DADOS'!$A:$AM,17,0),"")) | T89: =IF(B89="","",IFERROR(VLOOKUP(B89,'ANÁLISE DE DADOS'!$A:$AM,18,0),"")) | U89: =IF(B89="","",IFERROR(VLOOKUP(B89,'ANÁLISE DE DADOS'!$A:$AM,19,0),"")) | V89: =IF(B89="","",IFERROR(VLOOKUP(B89,'ANÁLISE DE DADOS'!$A:$AM,20,0),"")) | W89: =IF(B89="","",IFERROR(VLOOKUP(B89,'ANÁLISE DE DADOS'!$A:$AM,21,0),"")) | X89: =IF(B89="","",IFERROR(VLOOKUP(B89,'ANÁLISE DE DADOS'!$A:$AM,22,0),"")) | Y89: =IF(B89="","",IFERROR(VLOOKUP(B89,'ANÁLISE DE DADOS'!$A:$AM,23,0),"")) | Z89: =IF(B89="","",IFERROR(VLOOKUP(B89,'ANÁLISE DE DADOS'!$A:$AM,24,0),"")) | AA89: =IF(B89="","",IFERROR(VLOOKUP(B89,'ANÁLISE DE DADOS'!$A:$AM,25,0),"")) | AB89: =IF(B89="","",IFERROR(VLOOKUP(B89,'ANÁLISE DE DADOS'!$A:$AM,26,0),"")) | AC89: =IF(B89="","",IFERROR(VLOOKUP(B89,'ANÁLISE DE DADOS'!$A:$AM,27,0),"")) | AD89: =IF(B89="","",IFERROR(VLOOKUP(B89,'ANÁLISE DE DADOS'!$A:$AM,28,0),"")) | AE89: =IF(B89="","",IFERROR(VLOOKUP(B89,'ANÁLISE DE DADOS'!$A:$AM,29,0),"")) | AF89: =IF(B89="","",IFERROR(VLOOKUP(B89,'ANÁLISE DE DADOS'!$A:$AM,30,0),"")) | AG89: =IF(B89="","",IFERROR(VLOOKUP(B89,'ANÁLISE DE DADOS'!$A:$AM,31,0),"")) | AH89: =IF(B89="","",IFERROR(VLOOKUP(B89,'ANÁLISE DE DADOS'!$A:$AM,32,0),"")) | AI89: =IF(B89="","",IFERROR(VLOOKUP(B89,'ANÁLISE DE DADOS'!$A:$AM,33,0),"")) | AJ89: =IF(B89="","",IFERROR(VLOOKUP(B89,'ANÁLISE DE DADOS'!$A:$AM,34,0),"")) | AK89: =IF(B89="","",IFERROR(VLOOKUP(B89,'ANÁLISE DE DADOS'!$A:$AM,35,0),"")) | AL89: =IF(B89="","",IFERROR(VLOOKUP(B89,'ANÁLISE DE DADOS'!$A:$AM,36,0),""))
... C117: =IF(B117="","",IFERROR(VLOOKUP(B117,'ANÁLISE DE DADOS'!$A:$AM,1,0),"")) | D117: =IF(B117="","",IFERROR(VLOOKUP(B117,'ANÁLISE DE DADOS'!$A:$AM,2,0),"")) | E117: =IF(B117="","",IFERROR(VLOOKUP(B117,'ANÁLISE DE DADOS'!$A:$AM,3,0),"")) | F117: =IF(B117="","",IFERROR(VLOOKUP(B117,'ANÁLISE DE DADOS'!$A:$AM,4,0),"")) | G117: =IF(B117="","",IFERROR(VLOOKUP(B117,'ANÁLISE DE DADOS'!$A:$AM,5,0),"")) | H117: =IF(B117="","",IFERROR(VLOOKUP(B117,'ANÁLISE DE DADOS'!$A:$AM,6,0),"")) | I117: =IF(B117="","",IFERROR(VLOOKUP(B117,'ANÁLISE DE DADOS'!$A:$AM,7,0),"")) | J117: =IF(B117="","",IFERROR(VLOOKUP(B117,'ANÁLISE DE DADOS'!$A:$AM,8,0),"")) | K117: =IF(B117="","",IFERROR(VLOOKUP(B117,'ANÁLISE DE DADOS'!$A:$AM,9,0),"")) | L117: =IF(B117="","",IFERROR(VLOOKUP(B117,'ANÁLISE DE DADOS'!$A:$AM,10,0),"")) | M117: =IF(B117="","",IFERROR(VLOOKUP(B117,'ANÁLISE DE DADOS'!$A:$AM,11,0),"")) | N117: =IF(B117="","",IFERROR(VLOOKUP(B117,'ANÁLISE DE DADOS'!$A:$AM,12,0),"")) | O117: =IF(B117="","",IFERROR(VLOOKUP(B117,'ANÁLISE DE DADOS'!$A:$AM,13,0),"")) | P117: =IF(B117="","",IFERROR(VLOOKUP(B117,'ANÁLISE DE DADOS'!$A:$AM,14,0),"")) | Q117: =IF(B117="","",IFERROR(VLOOKUP(B117,'ANÁLISE DE DADOS'!$A:$AM,15,0),"")) | R117: =IF(B117="","",IFERROR(VLOOKUP(B117,'ANÁLISE DE DADOS'!$A:$AM,16,0),"")) | S117: =IF(B117="","",IFERROR(VLOOKUP(B117,'ANÁLISE DE DADOS'!$A:$AM,17,0),"")) | T117: =IF(B117="","",IFERROR(VLOOKUP(B117,'ANÁLISE DE DADOS'!$A:$AM,18,0),"")) | U117: =IF(B117="","",IFERROR(VLOOKUP(B117,'ANÁLISE DE DADOS'!$A:$AM,19,0),"")) | V117: =IF(B117="","",IFERROR(VLOOKUP(B117,'ANÁLISE DE DADOS'!$A:$AM,20,0),"")) | W117: =IF(B117="","",IFERROR(VLOOKUP(B117,'ANÁLISE DE DADOS'!$A:$AM,21,0),"")) | X117: =IF(B117="","",IFERROR(VLOOKUP(B117,'ANÁLISE DE DADOS'!$A:$AM,22,0),"")) | Y117: =IF(B117="","",IFERROR(VLOOKUP(B117,'ANÁLISE DE DADOS'!$A:$AM,23,0),"")) | Z117: =IF(B117="","",IFERROR(VLOOKUP(B117,'ANÁLISE DE DADOS'!$A:$AM,24,0),"")) | AA117: =IF(B117="","",IFERROR(VLOOKUP(B117,'ANÁLISE DE DADOS'!$A:$AM,25,0),"")) | AB117: =IF(B117="","",IFERROR(VLOOKUP(B117,'ANÁLISE DE DADOS'!$A:$AM,26,0),"")) | AC117: =IF(B117="","",IFERROR(VLOOKUP(B117,'ANÁLISE DE DADOS'!$A:$AM,27,0),"")) | AD117: =IF(B117="","",IFERROR(VLOOKUP(B117,'ANÁLISE DE DADOS'!$A:$AM,28,0),"")) | AE117: =IF(B117="","",IFERROR(VLOOKUP(B117,'ANÁLISE DE DADOS'!$A:$AM,29,0),"")) | AF117: =IF(B117="","",IFERROR(VLOOKUP(B117,'ANÁLISE DE DADOS'!$A:$AM,30,0),"")) | AG117: =IF(B117="","",IFERROR(VLOOKUP(B117,'ANÁLISE DE DADOS'!$A:$AM,31,0),"")) | AH117: =IF(B117="","",IFERROR(VLOOKUP(B117,'ANÁLISE DE DADOS'!$A:$AM,32,0),"")) | AI117: =IF(B117="","",IFERROR(VLOOKUP(B117,'ANÁLISE DE DADOS'!$A:$AM,33,0),"")) | AJ117: =IF(B117="","",IFERROR(VLOOKUP(B117,'ANÁLISE DE DADOS'!$A:$AM,34,0),"")) | AK117: =IF(B117="","",IFERROR(VLOOKUP(B117,'ANÁLISE DE DADOS'!$A:$AM,35,0),"")) | AL117: =IF(B117="","",IFERROR(VLOOKUP(B117,'ANÁLISE DE DADOS'!$A:$AM,36,0),""))

Sheet ACOMPANHAMENTO DA COB. - TABELA
J1: DADOS FINANCEIROS | V1: ACOMPANHAMENTO DA COBRANÇA | AG1: STATUS DA NEGOCIAÇÃO
B3: Rótulos de Linha | C3: =Tabela1[[#Headers],[DOC./NF]] -> DOC./NF | D3: =Tabela1[[#Headers],[UNIDADE]] -> UNIDADE | E3: =Tabela1[[#Headers],[GRUPO]] -> GRUPO | F3: =Tabela1[[#Headers],[EMPRESA]] -> EMPRESA | G3: =Tabela1[[#Headers],[DATA DE EMISSÃO]] -> DATA DE EMISSÃO | H3: =Tabela1[[#Headers],[MÊS EMISSOR]] -> MÊS EMISSOR | I3: =Tabela1[[#Headers],[ANO EMISSOR]] -> ANO EMISSOR | J3: =Tabela1[[#Headers],[VENCIMENTO ORIGINAL]] -> VENCIMENTO ORIGINAL | K3: =Tabela1[[#Headers],[MÊS VENCIMENTO ORIGINAL]] -> MÊS VENCIMENTO ORIGINAL | L3: =Tabela1[[#Headers],[ANO VENCIMENTO ORIGINAL]] -> ANO VENCIMENTO ORIGINAL | M3: =Tabela1[[#Headers],[VENCIMENTO ATUAL]] -> VENCIMENTO ATUAL | N3: =Tabela1[[#Headers],[MÊS ATUAL]] -> MÊS ATUAL | O3: =Tabela1[[#Headers],[ANO ATUAL]] -> ANO ATUAL | P3: =Tabela1[[#Headers],[VALOR ORIGINAL]] -> VALOR ORIGINAL | Q3: =Tabela1[[#Headers],[VENDEDORES]] -> VENDEDORES | R3: =Tabela1[[#Headers],[CARTEIRA]] -> CARTEIRA | S3: =Tabela1[[#Headers],[PAGO]] -> PAGO | T3: =Tabela1[[#Headers],[Status de Cobrança]] -> Status de Cobrança | U3: =Tabela1[[#Headers],[Status de Pagamento]] -> Status de Pagamento | V3: =Tabela1[[#Headers],[Dias em Atraso]] -> Dias em Atraso | W3: =Tabela1[[#Headers],[Faixa de Atraso]] -> Faixa de Atraso | X3: =Tabela1[[#Headers],[Título Elegível]] -> Título Elegível | Y3: =Tabela1[[#Headers],[Valor a Faturar]] -> Valor a Faturar | Z3: =Tabela1[[#Headers],[Bloqueio de sistema ]] -> Bloqueio de sistema | AA3: =Tabela1[[#Headers],[Statuts de Negociação]] -> Statuts de Negociação | AB3: =Tabela1[[#Headers],[Número de Negociações Feitas]] -> Número de Negociações Feitas | AC3: =Tabela1[[#Headers],[Acordo Fechado?]] -> Acordo Fechado? | AD3: =Tabela1[[#Headers],[Data de Negociação]] -> Data de Negociação | AE3: =Tabela1[[#Headers],[MÊS NEGOCIAÇÃO]] -> MÊS NEGOCIAÇÃO | AF3: =Tabela1[[#Headers],[ANO NEGOCIAÇÃO]] -> ANO NEGOCIAÇÃO | AG3: =Tabela1[[#Headers],[Data da Entrada/Primeira Parcela]] -> Data da Entrada/Primeira Parcela | AH3: =Tabela1[[#Headers],[MÊS PRIMEIRA PARCELA]] -> MÊS PRIMEIRA PARCELA | AI3: =Tabela1[[#Headers],[ANO PRIMERA PARCELA]] -> ANO PRIMERA PARCELA | AJ3: =Tabela1[[#Headers],[Título Quitado? (Sim/Não)]] -> Título Quitado? (Sim/Não) | AK3: =Tabela1[[#Headers],[Valores Vencidos]] -> Valores Vencidos | AL3: =Tabela1[[#Headers],[Cobrança3]] -> Cobrança3
B4: 0 | C4: =IF(B4="","",IFERROR(VLOOKUP(B4,'ANÁLISE DE DADOS'!$A:$AM,1,0),"")) -> 0 | D4: =IF(B4="","",IFERROR(VLOOKUP(B4,'ANÁLISE DE DADOS'!$A:$AM,2,0),"")) -> 0 | E4: =IF(B4="","",IFERROR(VLOOKUP(B4,'ANÁLISE DE DADOS'!$A:$AM,3,0),"")) -> 0 | F4: =IF(B4="","",IFERROR(VLOOKUP(B4,'ANÁLISE DE DADOS'!$A:$AM,4,0),"")) -> 0 | G4: =IF(B4="","",IFERROR(VLOOKUP(B4,'ANÁLISE DE DADOS'!$A:$AM,5,0),"")) -> 0 | H4: =IF(B4="","",IFERROR(VLOOKUP(B4,'ANÁLISE DE DADOS'!$A:$AM,6,0),"")) -> jan-00 | I4: =IF(B4="","",IFERROR(VLOOKUP(B4,'ANÁLISE DE DADOS'!$A:$AM,7,0),"")) -> 1900 | J4: =IF(B4="","",IFERROR(VLOOKUP(B4,'ANÁLISE DE DADOS'!$A:$AM,8,0),"")) -> 0 | K4: =IF(B4="","",IFERROR(VLOOKUP(B4,'ANÁLISE DE DADOS'!$A:$AM,9,0),"")) -> jan-00 | L4: =IF(B4="","",IFERROR(VLOOKUP(B4,'ANÁLISE DE DADOS'!$A:$AM,10,0),"")) -> 1900 | M4: =IF(B4="","",IFERROR(VLOOKUP(B4,'ANÁLISE DE DADOS'!$A:$AM,11,0),"")) -> 0 | N4: =IF(B4="","",IFERROR(VLOOKUP(B4,'ANÁLISE DE DADOS'!$A:$AM,12,0),"")) -> jan-00 | O4: =IF(B4="","",IFERROR(VLOOKUP(B4,'ANÁLISE DE DADOS'!$A:$AM,13,0),"")) -> 1900 | P4: =IF(B4="","",IFERROR(VLOOKUP(B4,'ANÁLISE DE DADOS'!$A:$AM,14,0),"")) -> 0 | Q4: =IF(B4="","",IFERROR(VLOOKUP(B4,'ANÁLISE DE DADOS'!$A:$AM,15,0),"")) -> 0 | R4: =IF(B4="","",IFERROR(VLOOKUP(B4,'ANÁLISE DE DADOS'!$A:$AM,16,0),"")) -> 0 | S4: =IF(B4="","",IFERROR(VLOOKUP(B4,'ANÁLISE DE DADOS'!$A:$AM,17,0),"")) -> 0 | T4: =IF(B4="","",IFERROR(VLOOKUP(B4,'ANÁLISE DE DADOS'!$A:$AM,18,0),"")) -> 0 | U4: =IF(B4="","",IFERROR(VLOOKUP(B4,'ANÁLISE DE DADOS'!$A:$AM,19,0),"")) -> 0 | V4: =IF(B4="","",IFERROR(VLOOKUP(B4,'ANÁLISE DE DADOS'!$A:$AM,20,0),"")) -> 0 | W4: =IF(B4="","",IFERROR(VLOOKUP(B4,'ANÁLISE DE DADOS'!$A:$AM,21,0),"")) -> 0 | X4: =IF(B4="","",IFERROR(VLOOKUP(B4,'ANÁLISE DE DADOS'!$A:$AM,22,0),"")) -> 0 | Y4: =IF(B4="","",IFERROR(VLOOKUP(B4,'ANÁLISE DE DADOS'!$A:$AM,23,0),"")) -> 0 | Z4: =IF(B4="","",IFERROR(VLOOKUP(B4,'ANÁLISE DE DADOS'!$A:$AM,24,0),"")) -> 0 | AA4: =IF(B4="","",IFERROR(VLOOKUP(B4,'ANÁLISE DE DADOS'!$A:$AM,25,0),"")) -> 0 | AB4: =IF(B4="","",IFERROR(VLOOKUP(B4,'ANÁLISE DE DADOS'!$A:$AM,26,0),"")) -> 0 | AC4: =IF(B4="","",IFERROR(VLOOKUP(B4,'ANÁLISE DE DADOS'!$A:$AM,27,0),"")) -> 0 | AD4: =IF(B4="","",IFERROR(VLOOKUP(B4,'ANÁLISE DE DADOS'!$A:$AM,28,0),"")) -> 0 | AE4: =IF(B4="","",IFERROR(VLOOKUP(B4,'ANÁLISE DE DADOS'!$A:$AM,29,0),"")) -> jan-00 | AF4: =IF(B4="","",IFERROR(VLOOKUP(B4,'ANÁLISE DE DADOS'!$A:$AM,30,0),"")) -> 1900 | AG4: =IF(B4="","",IFERROR(VLOOKUP(B4,'ANÁLISE DE DADOS'!$A:$AM,31,0),"")) -> 0 | AH4: =IF(B4="","",IFERROR(VLOOKUP(B4,'ANÁLISE DE DADOS'!$A:$AM,32,0),"")) -> jan-00 | AI4: =IF(B4="","",IFERROR(VLOOKUP(B4,'ANÁLISE DE DADOS'!$A:$AM,33,0),"")) -> 1900 | AJ4: =IF(B4="","",IFERROR(VLOOKUP(B4,'ANÁLISE DE DADOS'!$A:$AM,34,0),"")) -> 0 | AK4: =IF(B4="","",IFERROR(VLOOKUP(B4,'ANÁLISE DE DADOS'!$A:$AM,35,0),"")) -> 0 | AL4: =IF(B4="","",IFERROR(VLOOKUP(B4,'ANÁLISE DE DADOS'!$A:$AM,36,0),"")) -> 0
B5: 1 | C5: =IF(B5="","",IFERROR(VLOOKUP(B5,'ANÁLISE DE DADOS'!$A:$AM,1,0),"")) -> 1 | D5: =IF(B5="","",IFERROR(VLOOKUP(B5,'ANÁLISE DE DADOS'!$A:$AM,2,0),"")) -> Matriz | E5: =IF(B5="","",IFERROR(VLOOKUP(B5,'ANÁLISE DE DADOS'!$A:$AM,3,0),"")) -> Alpha & CIA | F5: =IF(B5="","",IFERROR(VLOOKUP(B5,'ANÁLISE DE DADOS'!$A:$AM,4,0),"")) -> Alpha & CIA | G5: =IF(B5="","",IFERROR(VLOOKUP(B5,'ANÁLISE DE DADOS'!$A:$AM,5,0),"")) -> 45658 | H5: =IF(B5="","",IFERROR(VLOOKUP(B5,'ANÁLISE DE DADOS'!$A:$AM,6,0),"")) -> jan-25 | I5: =IF(B5="","",IFERROR(VLOOKUP(B5,'ANÁLISE DE DADOS'!$A:$AM,7,0),"")) -> 2025 | J5: =IF(B5="","",IFERROR(VLOOKUP(B5,'ANÁLISE DE DADOS'!$A:$AM,8,0),"")) -> 45690 | K5: =IF(B5="","",IFERROR(VLOOKUP(B5,'ANÁLISE DE DADOS'!$A:$AM,9,0),"")) -> fev-25 | L5: =IF(B5="","",IFERROR(VLOOKUP(B5,'ANÁLISE DE DADOS'!$A:$AM,10,0),"")) -> 2025 | M5: =IF(B5="","",IFERROR(VLOOKUP(B5,'ANÁLISE DE DADOS'!$A:$AM,11,0),"")) -> 45737 | N5: =IF(B5="","",IFERROR(VLOOKUP(B5,'ANÁLISE DE DADOS'!$A:$AM,12,0),"")) -> mar-25 | O5: =IF(B5="","",IFERROR(VLOOKUP(B5,'ANÁLISE DE DADOS'!$A:$AM,13,0),"")) -> 2025 | P5: =IF(B5="","",IFERROR(VLOOKUP(B5,'ANÁLISE DE DADOS'!$A:$AM,14,0),"")) -> 1000 | Q5: =IF(B5="","",IFERROR(VLOOKUP(B5,'ANÁLISE DE DADOS'!$A:$AM,15,0),"")) -> João | R5: =IF(B5="","",IFERROR(VLOOKUP(B5,'ANÁLISE DE DADOS'!$A:$AM,16,0),"")) -> ANALISTA SIMONE | S5: =IF(B5="","",IFERROR(VLOOKUP(B5,'ANÁLISE DE DADOS'!$A:$AM,17,0),"")) -> NÃO | T5: =IF(B5="","",IFERROR(VLOOKUP(B5,'ANÁLISE DE DADOS'!$A:$AM,18,0),"")) -> Situação com comercial (aguardando análise comercial) | U5: =IF(B5="","",IFERROR(VLOOKUP(B5,'ANÁLISE DE DADOS'!$A:$AM,19,0),"")) -> Vencido | V5: =IF(B5="","",IFERROR(VLOOKUP(B5,'ANÁLISE DE DADOS'!$A:$AM,20,0),"")) -> 105 | W5: =IF(B5="","",IFERROR(VLOOKUP(B5,'ANÁLISE DE DADOS'!$A:$AM,21,0),"")) -> 61+ dias | X5: =IF(B5="","",IFERROR(VLOOKUP(B5,'ANÁLISE DE DADOS'!$A:$AM,22,0),"")) -> Atraso Crítico | Y5: =IF(B5="","",IFERROR(VLOOKUP(B5,'ANÁLISE DE DADOS'!$A:$AM,23,0),"")) -> - | Z5: =IF(B5="","",IFERROR(VLOOKUP(B5,'ANÁLISE DE DADOS'!$A:$AM,24,0),"")) -> Sim | AA5: =IF(B5="","",IFERROR(VLOOKUP(B5,'ANÁLISE DE DADOS'!$A:$AM,25,0),"")) -> 0 | AB5: =IF(B5="","",IFERROR(VLOOKUP(B5,'ANÁLISE DE DADOS'!$A:$AM,26,0),"")) -> 1 | AC5: =IF(B5="","",IFERROR(VLOOKUP(B5,'ANÁLISE DE DADOS'!$A:$AM,27,0),"")) -> Sim | AD5: =IF(B5="","",IFERROR(VLOOKUP(B5,'ANÁLISE DE DADOS'!$A:$AM,28,0),"")) -> 45740 | AE5: =IF(B5="","",IFERROR(VLOOKUP(B5,'ANÁLISE DE DADOS'!$A:$AM,29,0),"")) -> mar-25 | AF5: =IF(B5="","",IFERROR(VLOOKUP(B5,'ANÁLISE DE DADOS'!$A:$AM,30,0),"")) -> 2025 | AG5: =IF(B5="","",IFERROR(VLOOKUP(B5,'ANÁLISE DE DADOS'!$A:$AM,31,0),"")) -> 45772 | AH5: =IF(B5="","",IFERROR(VLOOKUP(B5,'ANÁLISE DE DADOS'!$A:$AM,32,0),"")) -> abr-25 | AI5: =IF(B5="","",IFERROR(VLOOKUP(B5,'ANÁLISE DE DADOS'!$A:$AM,33,0),"")) -> 2025 | AJ5: =IF(B5="","",IFERROR(VLOOKUP(B5,'ANÁLISE DE DADOS'!$A:$AM,34,0),"")) -> Acompanhando | AK5: =IF(B5="","",IFERROR(VLOOKUP(B5,'ANÁLISE DE DADOS'!$A:$AM,35,0),"")) -> 1000 | AL5: =IF(B5="","",IFERROR(VLOOKUP(B5,'ANÁLISE DE DADOS'!$A:$AM,36,0),"")) -> 0
B6: 2 | C6: =IF(B6="","",IFERROR(VLOOKUP(B6,'ANÁLISE DE DADOS'!$A:$AM,1,0),"")) -> 2 | D6: =IF(B6="","",IFERROR(VLOOKUP(B6,'ANÁLISE DE DADOS'!$A:$AM,2,0),"")) -> Matriz | E6: =IF(B6="","",IFERROR(VLOOKUP(B6,'ANÁLISE DE DADOS'!$A:$AM,3,0),"")) -> Alpha & CIA | F6: =IF(B6="","",IFERROR(VLOOKUP(B6,'ANÁLISE DE DADOS'!$A:$AM,4,0),"")) -> Beta | G6: =IF(B6="","",IFERROR(VLOOKUP(B6,'ANÁLISE DE DADOS'!$A:$AM,5,0),"")) -> 45658 | H6: =IF(B6="","",IFERROR(VLOOKUP(B6,'ANÁLISE DE DADOS'!$A:$AM,6,0),"")) -> jan-25 | I6: =IF(B6="","",IFERROR(VLOOKUP(B6,'ANÁLISE DE DADOS'!$A:$AM,7,0),"")) -> 2025 | J6: =IF(B6="","",IFERROR(VLOOKUP(B6,'ANÁLISE DE DADOS'!$A:$AM,8,0),"")) -> 45690 | K6: =IF(B6="","",IFERROR(VLOOKUP(B6,'ANÁLISE DE DADOS'!$A:$AM,9,0),"")) -> fev-25 | L6: =IF(B6="","",IFERROR(VLOOKUP(B6,'ANÁLISE DE DADOS'!$A:$AM,10,0),"")) -> 2025 | M6: =IF(B6="","",IFERROR(VLOOKUP(B6,'ANÁLISE DE DADOS'!$A:$AM,11,0),"")) -> 45737 | N6: =IF(B6="","",IFERROR(VLOOKUP(B6,'ANÁLISE DE DADOS'!$A:$AM,12,0),"")) -> mar-25 | O6: =IF(B6="","",IFERROR(VLOOKUP(B6,'ANÁLISE DE DADOS'!$A:$AM,13,0),"")) -> 2025 | P6: =IF(B6="","",IFERROR(VLOOKUP(B6,'ANÁLISE DE DADOS'!$A:$AM,14,0),"")) -> 1000 | Q6: =IF(B6="","",IFERROR(VLOOKUP(B6,'ANÁLISE DE DADOS'!$A:$AM,15,0),"")) -> João | R6: =IF(B6="","",IFERROR(VLOOKUP(B6,'ANÁLISE DE DADOS'!$A:$AM,16,0),"")) -> ANALISTA SIMONE | S6: =IF(B6="","",IFERROR(VLOOKUP(B6,'ANÁLISE DE DADOS'!$A:$AM,17,0),"")) -> NÃO | T6: =IF(B6="","",IFERROR(VLOOKUP(B6,'ANÁLISE DE DADOS'!$A:$AM,18,0),"")) -> Aguardando aprovação de crédito | U6: =IF(B6="","",IFERROR(VLOOKUP(B6,'ANÁLISE DE DADOS'!$A:$AM,19,0),"")) -> Vencido | V6: =IF(B6="","",IFERROR(VLOOKUP(B6,'ANÁLISE DE DADOS'!$A:$AM,20,0),"")) -> 105 | W6: =IF(B6="","",IFERROR(VLOOKUP(B6,'ANÁLISE DE DADOS'!$A:$AM,21,0),"")) -> 61+ dias | X6: =IF(B6="","",IFERROR(VLOOKUP(B6,'ANÁLISE DE DADOS'!$A:$AM,22,0),"")) -> Atraso Crítico | Y6: =IF(B6="","",IFERROR(VLOOKUP(B6,'ANÁLISE DE DADOS'!$A:$AM,23,0),"")) -> - | Z6: =IF(B6="","",IFERROR(VLOOKUP(B6,'ANÁLISE DE DADOS'!$A:$AM,24,0),"")) -> Sim | AA6: =IF(B6="","",IFERROR(VLOOKUP(B6,'ANÁLISE DE DADOS'!$A:$AM,25,0),"")) -> 0 | AB6: =IF(B6="","",IFERROR(VLOOKUP(B6,'ANÁLISE DE DADOS'!$A:$AM,26,0),"")) -> 1 | AC6: =IF(B6="","",IFERROR(VLOOKUP(B6,'ANÁLISE DE DADOS'!$A:$AM,27,0),"")) -> Sim | AD6: =IF(B6="","",IFERROR(VLOOKUP(B6,'ANÁLISE DE DADOS'!$A:$AM,28,0),"")) -> 45740 | AE6: =IF(B6="","",IFERROR(VLOOKUP(B6,'ANÁLISE DE DADOS'!$A:$AM,29,0),"")) -> mar-25 | AF6: =IF(B6="","",IFERROR(VLOOKUP(B6,'ANÁLISE DE DADOS'!$A:$AM,30,0),"")) -> 2025 | AG6: =IF(B6="","",IFERROR(VLOOKUP(B6,'ANÁLISE DE DADOS'!$A:$AM,31,0),"")) -> 45802 | AH6: =IF(B6="","",IFERROR(VLOOKUP(B6,'ANÁLISE DE DADOS'!$A:$AM,32,0),"")) -> mai-25 | AI6: =IF(B6="","",IFERROR(VLOOKUP(B6,'ANÁLISE DE DADOS'!$A:$AM,33,0),"")) -> 2025 | AJ6: =IF(B6="","",IFERROR(VLOOKUP(B6,'ANÁLISE DE DADOS'!$A:$AM,34,0),"")) -> Acompanhando | AK6: =IF(B6="","",IFERROR(VLOOKUP(B6,'ANÁLISE DE DADOS'!$A:$AM,35,0),"")) -> 1000 | AL6: =IF(B6="","",IFERROR(VLOOKUP(B6,'ANÁLISE DE DADOS'!$A:$AM,36,0),"")) -> 0
B7: 3 | C7: =IF(B7="","",IFERROR(VLOOKUP(B7,'ANÁLISE DE DADOS'!$A:$AM,1,0),"")) -> 3 | D7: =IF(B7="","",IFERROR(VLOOKUP(B7,'ANÁLISE DE DADOS'!$A:$AM,2,0),"")) -> Filial | E7: =IF(B7="","",IFERROR(VLOOKUP(B7,'ANÁLISE DE DADOS'!$A:$AM,3,0),"")) -> Alpha & CIA | F7: =IF(B7="","",IFERROR(VLOOKUP(B7,'ANÁLISE DE DADOS'!$A:$AM,4,0),"")) -> Delta | G7: =IF(B7="","",IFERROR(VLOOKUP(B7,'ANÁLISE DE DADOS'!$A:$AM,5,0),"")) -> 45659 | H7: =IF(B7="","",IFERROR(VLOOKUP(B7,'ANÁLISE DE DADOS'!$A:$AM,6,0),"")) -> jan-25 | I7: =IF(B7="","",IFERROR(VLOOKUP(B7,'ANÁLISE DE DADOS'!$A:$AM,7,0),"")) -> 2025 | J7: =IF(B7="","",IFERROR(VLOOKUP(B7,'ANÁLISE DE DADOS'!$A:$AM,8,0),"")) -> 45690 | K7: =IF(B7="","",IFERROR(VLOOKUP(B7,'ANÁLISE DE DADOS'!$A:$AM,9,0),"")) -> fev-25 | L7: =IF(B7="","",IFERROR(VLOOKUP(B7,'ANÁLISE DE DADOS'!$A:$AM,10,0),"")) -> 2025 | M7: =IF(B7="","",IFERROR(VLOOKUP(B7,'ANÁLISE DE DADOS'!$A:$AM,11,0),"")) -> 45737 | N7: =IF(B7="","",IFERROR(VLOOKUP(B7,'ANÁLISE DE DADOS'!$A:$AM,12,0),"")) -> mar-25 | O7: =IF(B7="","",IFERROR(VLOOKUP(B7,'ANÁLISE DE DADOS'!$A:$AM,13,0),"")) -> 2025 | P7: =IF(B7="","",IFERROR(VLOOKUP(B7,'ANÁLISE DE DADOS'!$A:$AM,14,0),"")) -> 2500 | Q7: =IF(B7="","",IFERROR(VLOOKUP(B7,'ANÁLISE DE DADOS'!$A:$AM,15,0),"")) -> Maria | R7: =IF(B7="","",IFERROR(VLOOKUP(B7,'ANÁLISE DE DADOS'!$A:$AM,16,0),"")) -> ANALISTA SIMONE | S7: =IF(B7="","",IFERROR(VLOOKUP(B7,'ANÁLISE DE DADOS'!$A:$AM,17,0),"")) -> NÃO | T7: =IF(B7="","",IFERROR(VLOOKUP(B7,'ANÁLISE DE DADOS'!$A:$AM,18,0),"")) -> Cliente não localizado | U7: =IF(B7="","",IFERROR(VLOOKUP(B7,'ANÁLISE DE DADOS'!$A:$AM,19,0),"")) -> Vencido | V7: =IF(B7="","",IFERROR(VLOOKUP(B7,'ANÁLISE DE DADOS'!$A:$AM,20,0),"")) -> 105 | W7: =IF(B7="","",IFERROR(VLOOKUP(B7,'ANÁLISE DE DADOS'!$A:$AM,21,0),"")) -> 61+ dias | X7: =IF(B7="","",IFERROR(VLOOKUP(B7,'ANÁLISE DE DADOS'!$A:$AM,22,0),"")) -> Atraso Crítico | Y7: =IF(B7="","",IFERROR(VLOOKUP(B7,'ANÁLISE DE DADOS'!$A:$AM,23,0),"")) -> - | Z7: =IF(B7="","",IFERROR(VLOOKUP(B7,'ANÁLISE DE DADOS'!$A:$AM,24,0),"")) -> Sim | AA7: =IF(B7="","",IFERROR(VLOOKUP(B7,'ANÁLISE DE DADOS'!$A:$AM,25,0),"")) -> 0 | AB7: =IF(B7="","",IFERROR(VLOOKUP(B7,'ANÁLISE DE DADOS'!$A:$AM,26,0),"")) -> 1 | AC7: =IF(B7="","",IFERROR(VLOOKUP(B7,'ANÁLISE DE DADOS'!$A:$AM,27,0),"")) -> Sim | AD7: =IF(B7="","",IFERROR(VLOOKUP(B7,'ANÁLISE DE DADOS'!$A:$AM,28,0),"")) -> 45740 | AE7: =IF(B7="","",IFERROR(VLOOKUP(B7,'ANÁLISE DE DADOS'!$A:$AM,29,0),"")) -> mar-25 | AF7: =IF(B7="","",IFERROR(VLOOKUP(B7,'ANÁLISE DE DADOS'!$A:$AM,30,0),"")) -> 2025 | AG7: =IF(B7="","",IFERROR(VLOOKUP(B7,'ANÁLISE DE DADOS'!$A:$AM,31,0),"")) -> 45802 | AH7: =IF(B7="","",IFERROR(VLOOKUP(B7,'ANÁLISE DE DADOS'!$A:$AM,32,0),"")) -> mai-25 | AI7: =IF(B7="","",IFERROR(VLOOKUP(B7,'ANÁLISE DE DADOS'!$A:$AM,33,0),"")) -> 2025 | AJ7: =IF(B7="","",IFERROR(VLOOKUP(B7,'ANÁLISE DE DADOS'!$A:$AM,34,0),"")) -> Acompanhando | AK7: =IF(B7="","",IFERROR(VLOOKUP(B7,'ANÁLISE DE DADOS'!$A:$AM,35,0),"")) -> 2500 | AL7: =IF(B7="","",IFERROR(VLOOKUP(B7,'ANÁLISE DE DADOS'!$A:$AM,36,0),"")) -> 0
B8: 4 | C8: =IF(B8="","",IFERROR(VLOOKUP(B8,'ANÁLISE DE DADOS'!$A:$AM,1,0),"")) -> 4 | D8: =IF(B8="","",IFERROR(VLOOKUP(B8,'ANÁLISE DE DADOS'!$A:$AM,2,0),"")) -> Filial | E8: =IF(B8="","",IFERROR(VLOOKUP(B8,'ANÁLISE DE DADOS'!$A:$AM,3,0),"")) -> Alpha & CIA | F8: =IF(B8="","",IFERROR(VLOOKUP(B8,'ANÁLISE DE DADOS'!$A:$AM,4,0),"")) -> Delta | G8: =IF(B8="","",IFERROR(VLOOKUP(B8,'ANÁLISE DE DADOS'!$A:$AM,5,0),"")) -> 45659 | H8: =IF(B8="","",IFERROR(VLOOKUP(B8,'ANÁLISE DE DADOS'!$A:$AM,6,0),"")) -> jan-25 | I8: =IF(B8="","",IFERROR(VLOOKUP(B8,'ANÁLISE DE DADOS'!$A:$AM,7,0),"")) -> 2025 | J8: =IF(B8="","",IFERROR(VLOOKUP(B8,'ANÁLISE DE DADOS'!$A:$AM,8,0),"")) -> 45690 | K8: =IF(B8="","",IFERROR(VLOOKUP(B8,'ANÁLISE DE DADOS'!$A:$AM,9,0),"")) -> fev-25 | L8: =IF(B8="","",IFERROR(VLOOKUP(B8,'ANÁLISE DE DADOS'!$A:$AM,10,0),"")) -> 2025 | M8: =IF(B8="","",IFERROR(VLOOKUP(B8,'ANÁLISE DE DADOS'!$A:$AM,11,0),"")) -> 45737 | N8: =IF(B8="","",IFERROR(VLOOKUP(B8,'ANÁLISE DE DADOS'!$A:$AM,12,0),"")) -> mar-25 | O8: =IF(B8="","",IFERROR(VLOOKUP(B8,'ANÁLISE DE DADOS'!$A:$AM,13,0),"")) -> 2025 | P8: =IF(B8="","",IFERROR(VLOOKUP(B8,'ANÁLISE DE DADOS'!$A:$AM,14,0),"")) -> 2500 | Q8: =IF(B8="","",IFERROR(VLOOKUP(B8,'ANÁLISE DE DADOS'!$A:$AM,15,0),"")) -> Maria | R8: =IF(B8="","",IFERROR(VLOOKUP(B8,'ANÁLISE DE DADOS'!$A:$AM,16,0),"")) -> ANALISTA SIMONE | S8: =IF(B8="","",IFERROR(VLOOKUP(B8,'ANÁLISE DE DADOS'!$A:$AM,17,0),"")) -> NÃO | T8: =IF(B8="","",IFERROR(VLOOKUP(B8,'ANÁLISE DE DADOS'!$A:$AM,18,0),"")) -> Promessa de pagamento refeito | U8: =IF(B8="","",IFERROR(VLOOKUP(B8,'ANÁLISE DE DADOS'!$A:$AM,19,0),"")) -> Vencido | V8: =IF(B8="","",IFERROR(VLOOKUP(B8,'ANÁLISE DE DADOS'!$A:$AM,20,0),"")) -> 105 | W8: =IF(B8="","",IFERROR(VLOOKUP(B8,'ANÁLISE DE DADOS'!$A:$AM,21,0),"")) -> 61+ dias | X8: =IF(B8="","",IFERROR(VLOOKUP(B8,'ANÁLISE DE DADOS'!$A:$AM,22,0),"")) -> Atraso Crítico | Y8: =IF(B8="","",IFERROR(VLOOKUP(B8,'ANÁLISE DE DADOS'!$A:$AM,23,0),"")) -> - | Z8: =IF(B8="","",IFERROR(VLOOKUP(B8,'ANÁLISE DE DADOS'!$A:$AM,24,0),"")) -> Sim | AA8: =IF(B8="","",IFERROR(VLOOKUP(B8,'ANÁLISE DE DADOS'!$A:$AM,25,0),"")) -> 0 | AB8: =IF(B8="","",IFERROR(VLOOKUP(B8,'ANÁLISE DE DADOS'!$A:$AM,26,0),"")) -> 1 | AC8: =IF(B8="","",IFERROR(VLOOKUP(B8,'ANÁLISE DE DADOS'!$A:$AM,27,0),"")) -> Sim | AD8: =IF(B8="","",IFERROR(VLOOKUP(B8,'ANÁLISE DE DADOS'!$A:$AM,28,0),"")) -> 45740 | AE8: =IF(B8="","",IFERROR(VLOOKUP(B8,'ANÁLISE DE DADOS'!$A:$AM,29,0),"")) -> mar-25 | AF8: =IF(B8="","",IFERROR(VLOOKUP(B8,'ANÁLISE DE DADOS'!$A:$AM,30,0),"")) -> 2025 | AG8: =IF(B8="","",IFERROR(VLOOKUP(B8,'ANÁLISE DE DADOS'!$A:$AM,31,0),"")) -> 45802 | AH8: =IF(B8="","",IFERROR(VLOOKUP(B8,'ANÁLISE DE DADOS'!$A:$AM,32,0),"")) -> mai-25 | AI8: =IF(B8="","",IFERROR(VLOOKUP(B8,'ANÁLISE DE DADOS'!$A:$AM,33,0),"")) -> 2025 | AJ8: =IF(B8="","",IFERROR(VLOOKUP(B8,'ANÁLISE DE DADOS'!$A:$AM,34,0),"")) -> Acompanhando | AK8: =IF(B8="","",IFERROR(VLOOKUP(B8,'ANÁLISE DE DADOS'!$A:$AM,35,0),"")) -> 2500 | AL8: =IF(B8="","",IFERROR(VLOOKUP(B8,'ANÁLISE DE DADOS'!$A:$AM,36,0),"")) -> 0
B9: 5 | C9: =IF(B9="","",IFERROR(VLOOKUP(B9,'ANÁLISE DE DADOS'!$A:$AM,1,0),"")) -> 5 | D9: =IF(B9="","",IFERROR(VLOOKUP(B9,'ANÁLISE DE DADOS'!$A:$AM,2,0),"")) -> Matriz | E9: =IF(B9="","",IFERROR(VLOOKUP(B9,'ANÁLISE DE DADOS'!$A:$AM,3,0),"")) -> Alpha & CIA | F9: =IF(B9="","",IFERROR(VLOOKUP(B9,'ANÁLISE DE DADOS'!$A:$AM,4,0),"")) -> Theta | G9: =IF(B9="","",IFERROR(VLOOKUP(B9,'ANÁLISE DE DADOS'!$A:$AM,5,0),"")) -> 45662 | H9: =IF(B9="","",IFERROR(VLOOKUP(B9,'ANÁLISE DE DADOS'!$A:$AM,6,0),"")) -> jan-25 | I9: =IF(B9="","",IFERROR(VLOOKUP(B9,'ANÁLISE DE DADOS'!$A:$AM,7,0),"")) -> 2025 | J9: =IF(B9="","",IFERROR(VLOOKUP(B9,'ANÁLISE DE DADOS'!$A:$AM,8,0),"")) -> 45690 | K9: =IF(B9="","",IFERROR(VLOOKUP(B9,'ANÁLISE DE DADOS'!$A:$AM,9,0),"")) -> fev-25 | L9: =IF(B9="","",IFERROR(VLOOKUP(B9,'ANÁLISE DE DADOS'!$A:$AM,10,0),"")) -> 2025 | M9: =IF(B9="","",IFERROR(VLOOKUP(B9,'ANÁLISE DE DADOS'!$A:$AM,11,0),"")) -> 45737 | N9: =IF(B9="","",IFERROR(VLOOKUP(B9,'ANÁLISE DE DADOS'!$A:$AM,12,0),"")) -> mar-25 | O9: =IF(B9="","",IFERROR(VLOOKUP(B9,'ANÁLISE DE DADOS'!$A:$AM,13,0),"")) -> 2025 | P9: =IF(B9="","",IFERROR(VLOOKUP(B9,'ANÁLISE DE DADOS'!$A:$AM,14,0),"")) -> 3000 | Q9: =IF(B9="","",IFERROR(VLOOKUP(B9,'ANÁLISE DE DADOS'!$A:$AM,15,0),"")) -> Carlos | R9: =IF(B9="","",IFERROR(VLOOKUP(B9,'ANÁLISE DE DADOS'!$A:$AM,16,0),"")) -> ANALISTA SIMONE | S9: =IF(B9="","",IFERROR(VLOOKUP(B9,'ANÁLISE DE DADOS'!$A:$AM,17,0),"")) -> NÃO | T9: =IF(B9="","",IFERROR(VLOOKUP(B9,'ANÁLISE DE DADOS'!$A:$AM,18,0),"")) -> Proposta de renegociação pendente | U9: =IF(B9="","",IFERROR(VLOOKUP(B9,'ANÁLISE DE DADOS'!$A:$AM,19,0),"")) -> Vencido | V9: =IF(B9="","",IFERROR(VLOOKUP(B9,'ANÁLISE DE DADOS'!$A:$AM,20,0),"")) -> 105 | W9: =IF(B9="","",IFERROR(VLOOKUP(B9,'ANÁLISE DE DADOS'!$A:$AM,21,0),"")) -> 61+ dias | X9: =IF(B9="","",IFERROR(VLOOKUP(B9,'ANÁLISE DE DADOS'!$A:$AM,22,0),"")) -> Atraso Crítico | Y9: =IF(B9="","",IFERROR(VLOOKUP(B9,'ANÁLISE DE DADOS'!$A:$AM,23,0),"")) -> - | Z9: =IF(B9="","",IFERROR(VLOOKUP(B9,'ANÁLISE DE DADOS'!$A:$AM,24,0),"")) -> Sim | AA9: =IF(B9="","",IFERROR(VLOOKUP(B9,'ANÁLISE DE DADOS'!$A:$AM,25,0),"")) -> 0 | AB9: =IF(B9="","",IFERROR(VLOOKUP(B9,'ANÁLISE DE DADOS'!$A:$AM,26,0),"")) -> 1 | AC9: =IF(B9="","",IFERROR(VLOOKUP(B9,'ANÁLISE DE DADOS'!$A:$AM,27,0),"")) -> Sim | AD9: =IF(B9="","",IFERROR(VLOOKUP(B9,'ANÁLISE DE DADOS'!$A:$AM,28,0),"")) -> 45740 | AE9: =IF(B9="","",IFERROR(VLOOKUP(B9,'ANÁLISE DE DADOS'!$A:$AM,29,0),"")) -> mar-25 | AF9: =IF(B9="","",IFERROR(VLOOKUP(B9,'ANÁLISE DE DADOS'!$A:$AM,30,0),"")) -> 2025 | AG9: =IF(B9="","",IFERROR(VLOOKUP(B9,'ANÁLISE DE DADOS'!$A:$AM,31,0),"")) -> 45802 | AH9: =IF(B9="","",IFERROR(VLOOKUP(B9,'ANÁLISE DE DADOS'!$A:$AM,32,0),"")) -> mai-25 | AI9: =IF(B9="","",IFERROR(VLOOKUP(B9,'ANÁLISE DE DADOS'!$A:$AM,33,0),"")) -> 2025 | AJ9: =IF(B9="","",IFERROR(VLOOKUP(B9,'ANÁLISE DE DADOS'!$A:$AM,34,0),"")) -> Acompanhando | AK9: =IF(B9="","",IFERROR(VLOOKUP(B9,'ANÁLISE DE DADOS'!$A:$AM,35,0),"")) -> 3000 | AL9: =IF(B9="","",IFERROR(VLOOKUP(B9,'ANÁLISE DE DADOS'!$A:$AM,36,0),"")) -> 0
B10: 6 | C10: =IF(B10="","",IFERROR(VLOOKUP(B10,'ANÁLISE DE DADOS'!$A:$AM,1,0),"")) -> 6 | D10: =IF(B10="","",IFERROR(VLOOKUP(B10,'ANÁLISE DE DADOS'!$A:$AM,2,0),"")) -> Matriz | E10: =IF(B10="","",IFERROR(VLOOKUP(B10,'ANÁLISE DE DADOS'!$A:$AM,3,0),"")) -> Alpha & CIA | F10: =IF(B10="","",IFERROR(VLOOKUP(B10,'ANÁLISE DE DADOS'!$A:$AM,4,0),"")) -> Zeta | G10: =IF(B10="","",IFERROR(VLOOKUP(B10,'ANÁLISE DE DADOS'!$A:$AM,5,0),"")) -> 45662 | H10: =IF(B10="","",IFERROR(VLOOKUP(B10,'ANÁLISE DE DADOS'!$A:$AM,6,0),"")) -> jan-25 | I10: =IF(B10="","",IFERROR(VLOOKUP(B10,'ANÁLISE DE DADOS'!$A:$AM,7,0),"")) -> 2025 | J10: =IF(B10="","",IFERROR(VLOOKUP(B10,'ANÁLISE DE DADOS'!$A:$AM,8,0),"")) -> 45690 | K10: =IF(B10="","",IFERROR(VLOOKUP(B10,'ANÁLISE DE DADOS'!$A:$AM,9,0),"")) -> fev-25 | L10: =IF(B10="","",IFERROR(VLOOKUP(B10,'ANÁLISE DE DADOS'!$A:$AM,10,0),"")) -> 2025 | M10: =IF(B10="","",IFERROR(VLOOKUP(B10,'ANÁLISE DE DADOS'!$A:$AM,11,0),"")) -> 45737 | N10: =IF(B10="","",IFERROR(VLOOKUP(B10,'ANÁLISE DE DADOS'!$A:$AM,12,0),"")) -> mar-25 | O10: =IF(B10="","",IFERROR(VLOOKUP(B10,'ANÁLISE DE DADOS'!$A:$AM,13,0),"")) -> 2025 | P10: =IF(B10="","",IFERROR(VLOOKUP(B10,'ANÁLISE DE DADOS'!$A:$AM,14,0),"")) -> 3000 | Q10: =IF(B10="","",IFERROR(VLOOKUP(B10,'ANÁLISE DE DADOS'!$A:$AM,15,0),"")) -> Carlos | R10: =IF(B10="","",IFERROR(VLOOKUP(B10,'ANÁLISE DE DADOS'!$A:$AM,16,0),"")) -> ANALISTA SIMONE | S10: =IF(B10="","",IFERROR(VLOOKUP(B10,'ANÁLISE DE DADOS'!$A:$AM,17,0),"")) -> NÃO | T10: =IF(B10="","",IFERROR(VLOOKUP(B10,'ANÁLISE DE DADOS'!$A:$AM,18,0),"")) -> Bloqueio de sistema por inadimplência | U10: =IF(B10="","",IFERROR(VLOOKUP(B10,'ANÁLISE DE DADOS'!$A:$AM,19,0),"")) -> Vencido | V10: =IF(B10="","",IFERROR(VLOOKUP(B10,'ANÁLISE DE DADOS'!$A:$AM,20,0),"")) -> 105 | W10: =IF(B10="","",IFERROR(VLOOKUP(B10,'ANÁLISE DE DADOS'!$A:$AM,21,0),"")) -> 61+ dias | X10: =IF(B10="","",IFERROR(VLOOKUP(B10,'ANÁLISE DE DADOS'!$A:$AM,22,0),"")) -> Atraso Crítico | Y10: =IF(B10="","",IFERROR(VLOOKUP(B10,'ANÁLISE DE DADOS'!$A:$AM,23,0),"")) -> - | Z10: =IF(B10="","",IFERROR(VLOOKUP(B10,'ANÁLISE DE DADOS'!$A:$AM,24,0),"")) -> Sim | AA10: =IF(B10="","",IFERROR(VLOOKUP(B10,'ANÁLISE DE DADOS'!$A:$AM,25,0),"")) -> 0 | AB10: =IF(B10="","",IFERROR(VLOOKUP(B10,'ANÁLISE DE DADOS'!$A:$AM,26,0),"")) -> 1 | AC10: =IF(B10="","",IFERROR(VLOOKUP(B10,'ANÁLISE DE DADOS'!$A:$AM,27,0),"")) -> Sim | AD10: =IF(B10="","",IFERROR(VLOOKUP(B10,'ANÁLISE DE DADOS'!$A:$AM,28,0),"")) -> 45740 | AE10: =IF(B10="","",IFERROR(VLOOKUP(B10,'ANÁLISE DE DADOS'!$A:$AM,29,0),"")) -> mar-25 | AF10: =IF(B10="","",IFERROR(VLOOKUP(B10,'ANÁLISE DE DADOS'!$A:$AM,30,0),"")) -> 2025 | AG10: =IF(B10="","",IFERROR(VLOOKUP(B10,'ANÁLISE DE DADOS'!$A:$AM,31,0),"")) -> 45802 | AH10: =IF(B10="","",IFERROR(VLOOKUP(B10,'ANÁLISE DE DADOS'!$A:$AM,32,0),"")) -> mai-25 | AI10: =IF(B10="","",IFERROR(VLOOKUP(B10,'ANÁLISE DE DADOS'!$A:$AM,33,0),"")) -> 2025 | AJ10: =IF(B10="","",IFERROR(VLOOKUP(B10,'ANÁLISE DE DADOS'!$A:$AM,34,0),"")) -> Acompanhando | AK10: =IF(B10="","",IFERROR(VLOOKUP(B10,'ANÁLISE DE DADOS'!$A:$AM,35,0),"")) -> 3000 | AL10: =IF(B10="","",IFERROR(VLOOKUP(B10,'ANÁLISE DE DADOS'!$A:$AM,36,0),"")) -> 0
B11: 7 | C11: =IF(B11="","",IFERROR(VLOOKUP(B11,'ANÁLISE DE DADOS'!$A:$AM,1,0),"")) -> 7 | D11: =IF(B11="","",IFERROR(VLOOKUP(B11,'ANÁLISE DE DADOS'!$A:$AM,2,0),"")) -> Filial | E11: =IF(B11="","",IFERROR(VLOOKUP(B11,'ANÁLISE DE DADOS'!$A:$AM,3,0),"")) -> 0 | F11: =IF(B11="","",IFERROR(VLOOKUP(B11,'ANÁLISE DE DADOS'!$A:$AM,4,0),"")) -> BemEstar | G11: =IF(B11="","",IFERROR(VLOOKUP(B11,'ANÁLISE DE DADOS'!$A:$AM,5,0),"")) -> 45663 | H11: =IF(B11="","",IFERROR(VLOOKUP(B11,'ANÁLISE DE DADOS'!$A:$AM,6,0),"")) -> jan-25 | I11: =IF(B11="","",IFERROR(VLOOKUP(B11,'ANÁLISE DE DADOS'!$A:$AM,7,0),"")) -> 2025 | J11: =IF(B11="","",IFERROR(VLOOKUP(B11,'ANÁLISE DE DADOS'!$A:$AM,8,0),"")) -> 45690 | K11: =IF(B11="","",IFERROR(VLOOKUP(B11,'ANÁLISE DE DADOS'!$A:$AM,9,0),"")) -> fev-25 | L11: =IF(B11="","",IFERROR(VLOOKUP(B11,'ANÁLISE DE DADOS'!$A:$AM,10,0),"")) -> 2025 | M11: =IF(B11="","",IFERROR(VLOOKUP(B11,'ANÁLISE DE DADOS'!$A:$AM,11,0),"")) -> 45737 | N11: =IF(B11="","",IFERROR(VLOOKUP(B11,'ANÁLISE DE DADOS'!$A:$AM,12,0),"")) -> mar-25 | O11: =IF(B11="","",IFERROR(VLOOKUP(B11,'ANÁLISE DE DADOS'!$A:$AM,13,0),"")) -> 2025 | P11: =IF(B11="","",IFERROR(VLOOKUP(B11,'ANÁLISE DE DADOS'!$A:$AM,14,0),"")) -> 1500 | Q11: =IF(B11="","",IFERROR(VLOOKUP(B11,'ANÁLISE DE DADOS'!$A:$AM,15,0),"")) -> Ana | R11: =IF(B11="","",IFERROR(VLOOKUP(B11,'ANÁLISE DE DADOS'!$A:$AM,16,0),"")) -> ANALISTA SIMONE | S11: =IF(B11="","",IFERROR(VLOOKUP(B11,'ANÁLISE DE DADOS'!$A:$AM,17,0),"")) -> NÃO | T11: =IF(B11="","",IFERROR(VLOOKUP(B11,'ANÁLISE DE DADOS'!$A:$AM,18,0),"")) -> Acordo em andamento (aguardando pagamento) | U11: =IF(B11="","",IFERROR(VLOOKUP(B11,'ANÁLISE DE DADOS'!$A:$AM,19,0),"")) -> Vencido | V11: =IF(B11="","",IFERROR(VLOOKUP(B11,'ANÁLISE DE DADOS'!$A:$AM,20,0),"")) -> 105 | W11: =IF(B11="","",IFERROR(VLOOKUP(B11,'ANÁLISE DE DADOS'!$A:$AM,21,0),"")) -> 61+ dias | X11: =IF(B11="","",IFERROR(VLOOKUP(B11,'ANÁLISE DE DADOS'!$A:$AM,22,0),"")) -> Atraso Crítico | Y11: =IF(B11="","",IFERROR(VLOOKUP(B11,'ANÁLISE DE DADOS'!$A:$AM,23,0),"")) -> - | Z11: =IF(B11="","",IFERROR(VLOOKUP(B11,'ANÁLISE DE DADOS'!$A:$AM,24,0),"")) -> Sim | AA11: =IF(B11="","",IFERROR(VLOOKUP(B11,'ANÁLISE DE DADOS'!$A:$AM,25,0),"")) -> 0 | AB11: =IF(B11="","",IFERROR(VLOOKUP(B11,'ANÁLISE DE DADOS'!$A:$AM,26,0),"")) -> 1 | AC11: =IF(B11="","",IFERROR(VLOOKUP(B11,'ANÁLISE DE DADOS'!$A:$AM,27,0),"")) -> Sim | AD11: =IF(B11="","",IFERROR(VLOOKUP(B11,'ANÁLISE DE DADOS'!$A:$AM,28,0),"")) -> 45740 | AE11: =IF(B11="","",IFERROR(VLOOKUP(B11,'ANÁLISE DE DADOS'!$A:$AM,29,0),"")) -> mar-25 | AF11: =IF(B11="","",IFERROR(VLOOKUP(B11,'ANÁLISE DE DADOS'!$A:$AM,30,0),"")) -> 2025 | AG11: =IF(B11="","",IFERROR(VLOOKUP(B11,'ANÁLISE DE DADOS'!$A:$AM,31,0),"")) -> 45802 | AH11: =IF(B11="","",IFERROR(VLOOKUP(B11,'ANÁLISE DE DADOS'!$A:$AM,32,0),"")) -> mai-25 | AI11: =IF(B11="","",IFERROR(VLOOKUP(B11,'ANÁLISE DE DADOS'!$A:$AM,33,0),"")) -> 2025 | AJ11: =IF(B11="","",IFERROR(VLOOKUP(B11,'ANÁLISE DE DADOS'!$A:$AM,34,0),"")) -> Acompanhando | AK11: =IF(B11="","",IFERROR(VLOOKUP(B11,'ANÁLISE DE DADOS'!$A:$AM,35,0),"")) -> 1500 | AL11: =IF(B11="","",IFERROR(VLOOKUP(B11,'ANÁLISE DE DADOS'!$A:$AM,36,0),"")) -> 0
B12: 8 | C12: =IF(B12="","",IFERROR(VLOOKUP(B12,'ANÁLISE DE DADOS'!$A:$AM,1,0),"")) -> 8 | D12: =IF(B12="","",IFERROR(VLOOKUP(B12,'ANÁLISE DE DADOS'!$A:$AM,2,0),"")) -> Filial | E12: =IF(B12="","",IFERROR(VLOOKUP(B12,'ANÁLISE DE DADOS'!$A:$AM,3,0),"")) -> 0 | F12: =IF(B12="","",IFERROR(VLOOKUP(B12,'ANÁLISE DE DADOS'!$A:$AM,4,0),"")) -> BemEstar | G12: =IF(B12="","",IFERROR(VLOOKUP(B12,'ANÁLISE DE DADOS'!$A:$AM,5,0),"")) -> 45663 | H12: =IF(B12="","",IFERROR(VLOOKUP(B12,'ANÁLISE DE DADOS'!$A:$AM,6,0),"")) -> jan-25 | I12: =IF(B12="","",IFERROR(VLOOKUP(B12,'ANÁLISE DE DADOS'!$A:$AM,7,0),"")) -> 2025 | J12: =IF(B12="","",IFERROR(VLOOKUP(B12,'ANÁLISE DE DADOS'!$A:$AM,8,0),"")) -> 45690 | K12: =IF(B12="","",IFERROR(VLOOKUP(B12,'ANÁLISE DE DADOS'!$A:$AM,9,0),"")) -> fev-25 | L12: =IF(B12="","",IFERROR(VLOOKUP(B12,'ANÁLISE DE DADOS'!$A:$AM,10,0),"")) -> 2025 | M12: =IF(B12="","",IFERROR(VLOOKUP(B12,'ANÁLISE DE DADOS'!$A:$AM,11,0),"")) -> 45737 | N12: =IF(B12="","",IFERROR(VLOOKUP(B12,'ANÁLISE DE DADOS'!$A:$AM,12,0),"")) -> mar-25 | O12: =IF(B12="","",IFERROR(VLOOKUP(B12,'ANÁLISE DE DADOS'!$A:$AM,13,0),"")) -> 2025 | P12: =IF(B12="","",IFERROR(VLOOKUP(B12,'ANÁLISE DE DADOS'!$A:$AM,14,0),"")) -> 1500 | Q12: =IF(B12="","",IFERROR(VLOOKUP(B12,'ANÁLISE DE DADOS'!$A:$AM,15,0),"")) -> Ana | R12: =IF(B12="","",IFERROR(VLOOKUP(B12,'ANÁLISE DE DADOS'!$A:$AM,16,0),"")) -> ANALISTA SIMONE | S12: =IF(B12="","",IFERROR(VLOOKUP(B12,'ANÁLISE DE DADOS'!$A:$AM,17,0),"")) -> NÃO | T12: =IF(B12="","",IFERROR(VLOOKUP(B12,'ANÁLISE DE DADOS'!$A:$AM,18,0),"")) -> Negociação finalizada, pendente de pagamento | U12: =IF(B12="","",IFERROR(VLOOKUP(B12,'ANÁLISE DE DADOS'!$A:$AM,19,0),"")) -> Vencido | V12: =IF(B12="","",IFERROR(VLOOKUP(B12,'ANÁLISE DE DADOS'!$A:$AM,20,0),"")) -> 105 | W12: =IF(B12="","",IFERROR(VLOOKUP(B12,'ANÁLISE DE DADOS'!$A:$AM,21,0),"")) -> 61+ dias | X12: =IF(B12="","",IFERROR(VLOOKUP(B12,'ANÁLISE DE DADOS'!$A:$AM,22,0),"")) -> Atraso Crítico | Y12: =IF(B12="","",IFERROR(VLOOKUP(B12,'ANÁLISE DE DADOS'!$A:$AM,23,0),"")) -> - | Z12: =IF(B12="","",IFERROR(VLOOKUP(B12,'ANÁLISE DE DADOS'!$A:$AM,24,0),"")) -> Sim | AA12: =IF(B12="","",IFERROR(VLOOKUP(B12,'ANÁLISE DE DADOS'!$A:$AM,25,0),"")) -> 0 | AB12: =IF(B12="","",IFERROR(VLOOKUP(B12,'ANÁLISE DE DADOS'!$A:$AM,26,0),"")) -> 1 | AC12: =IF(B12="","",IFERROR(VLOOKUP(B12,'ANÁLISE DE DADOS'!$A:$AM,27,0),"")) -> Sim | AD12: =IF(B12="","",IFERROR(VLOOKUP(B12,'ANÁLISE DE DADOS'!$A:$AM,28,0),"")) -> 45740 | AE12: =IF(B12="","",IFERROR(VLOOKUP(B12,'ANÁLISE DE DADOS'!$A:$AM,29,0),"")) -> mar-25 | AF12: =IF(B12="","",IFERROR(VLOOKUP(B12,'ANÁLISE DE DADOS'!$A:$AM,30,0),"")) -> 2025 | AG12: =IF(B12="","",IFERROR(VLOOKUP(B12,'ANÁLISE DE DADOS'!$A:$AM,31,0),"")) -> 45802 | AH12: =IF(B12="","",IFERROR(VLOOKUP(B12,'ANÁLISE DE DADOS'!$A:$AM,32,0),"")) -> mai-25 | AI12: =IF(B12="","",IFERROR(VLOOKUP(B12,'ANÁLISE DE DADOS'!$A:$AM,33,0),"")) -> 2025 | AJ12: =IF(B12="","",IFERROR(VLOOKUP(B12,'ANÁLISE DE DADOS'!$A:$AM,34,0),"")) -> Acompanhando | AK12: =IF(B12="","",IFERROR(VLOOKUP(B12,'ANÁLISE DE DADOS'!$A:$AM,35,0),"")) -> 1500 | AL12: =IF(B12="","",IFERROR(VLOOKUP(B12,'ANÁLISE DE DADOS'!$A:$AM,36,0),"")) -> 0
B13: 9 | C13: =IF(B13="","",IFERROR(VLOOKUP(B13,'ANÁLISE DE DADOS'!$A:$AM,1,0),"")) -> 9 | D13: =IF(B13="","",IFERROR(VLOOKUP(B13,'ANÁLISE DE DADOS'!$A:$AM,2,0),"")) -> Matriz | E13: =IF(B13="","",IFERROR(VLOOKUP(B13,'ANÁLISE DE DADOS'!$A:$AM,3,0),"")) -> 0 | F13: =IF(B13="","",IFERROR(VLOOKUP(B13,'ANÁLISE DE DADOS'!$A:$AM,4,0),"")) -> BemEstar | G13: =IF(B13="","",IFERROR(VLOOKUP(B13,'ANÁLISE DE DADOS'!$A:$AM,5,0),"")) -> 45667 | H13: =IF(B13="","",IFERROR(VLOOKUP(B13,'ANÁLISE DE DADOS'!$A:$AM,6,0),"")) -> jan-25 | I13: =IF(B13="","",IFERROR(VLOOKUP(B13,'ANÁLISE DE DADOS'!$A:$AM,7,0),"")) -> 2025 | J13: =IF(B13="","",IFERROR(VLOOKUP(B13,'ANÁLISE DE DADOS'!$A:$AM,8,0),"")) -> 45698 | K13: =IF(B13="","",IFERROR(VLOOKUP(B13,'ANÁLISE DE DADOS'!$A:$AM,9,0),"")) -> fev-25 | L13: =IF(B13="","",IFERROR(VLOOKUP(B13,'ANÁLISE DE DADOS'!$A:$AM,10,0),"")) -> 2025 | M13: =IF(B13="","",IFERROR(VLOOKUP(B13,'ANÁLISE DE DADOS'!$A:$AM,11,0),"")) -> 45737 | N13: =IF(B13="","",IFERROR(VLOOKUP(B13,'ANÁLISE DE DADOS'!$A:$AM,12,0),"")) -> mar-25 | O13: =IF(B13="","",IFERROR(VLOOKUP(B13,'ANÁLISE DE DADOS'!$A:$AM,13,0),"")) -> 2025 | P13: =IF(B13="","",IFERROR(VLOOKUP(B13,'ANÁLISE DE DADOS'!$A:$AM,14,0),"")) -> 2200 | Q13: =IF(B13="","",IFERROR(VLOOKUP(B13,'ANÁLISE DE DADOS'!$A:$AM,15,0),"")) -> Beatriz | R13: =IF(B13="","",IFERROR(VLOOKUP(B13,'ANÁLISE DE DADOS'!$A:$AM,16,0),"")) -> ANALISTA SIMONE | S13: =IF(B13="","",IFERROR(VLOOKUP(B13,'ANÁLISE DE DADOS'!$A:$AM,17,0),"")) -> NÃO | T13: =IF(B13="","",IFERROR(VLOOKUP(B13,'ANÁLISE DE DADOS'!$A:$AM,18,0),"")) -> Cliente em processo de análise para reativação | U13: =IF(B13="","",IFERROR(VLOOKUP(B13,'ANÁLISE DE DADOS'!$A:$AM,19,0),"")) -> Vencido | V13: =IF(B13="","",IFERROR(VLOOKUP(B13,'ANÁLISE DE DADOS'!$A:$AM,20,0),"")) -> 97 | W13: =IF(B13="","",IFERROR(VLOOKUP(B13,'ANÁLISE DE DADOS'!$A:$AM,21,0),"")) -> 61+ dias | X13: =IF(B13="","",IFERROR(VLOOKUP(B13,'ANÁLISE DE DADOS'!$A:$AM,22,0),"")) -> Atraso Crítico | Y13: =IF(B13="","",IFERROR(VLOOKUP(B13,'ANÁLISE DE DADOS'!$A:$AM,23,0),"")) -> - | Z13: =IF(B13="","",IFERROR(VLOOKUP(B13,'ANÁLISE DE DADOS'!$A:$AM,24,0),"")) -> Sim | AA13: =IF(B13="","",IFERROR(VLOOKUP(B13,'ANÁLISE DE DADOS'!$A:$AM,25,0),"")) -> 0 | AB13: =IF(B13="","",IFERROR(VLOOKUP(B13,'ANÁLISE DE DADOS'!$A:$AM,26,0),"")) -> 1 | AC13: =IF(B13="","",IFERROR(VLOOKUP(B13,'ANÁLISE DE DADOS'!$A:$AM,27,0),"")) -> Sim | AD13: =IF(B13="","",IFERROR(VLOOKUP(B13,'ANÁLISE DE DADOS'!$A:$AM,28,0),"")) -> 45740 | AE13: =IF(B13="","",IFERROR(VLOOKUP(B13,'ANÁLISE DE DADOS'!$A:$AM,29,0),"")) -> mar-25 | AF13: =IF(B13="","",IFERROR(VLOOKUP(B13,'ANÁLISE DE DADOS'!$A:$AM,30,0),"")) -> 2025 | AG13: =IF(B13="","",IFERROR(VLOOKUP(B13,'ANÁLISE DE DADOS'!$A:$AM,31,0),"")) -> 45802 | AH13: =IF(B13="","",IFERROR(VLOOKUP(B13,'ANÁLISE DE DADOS'!$A:$AM,32,0),"")) -> mai-25 | AI13: =IF(B13="","",IFERROR(VLOOKUP(B13,'ANÁLISE DE DADOS'!$A:$AM,33,0),"")) -> 2025 | AJ13: =IF(B13="","",IFERROR(VLOOKUP(B13,'ANÁLISE DE DADOS'!$A:$AM,34,0),"")) -> Acompanhando | AK13: =IF(B13="","",IFERROR(VLOOKUP(B13,'ANÁLISE DE DADOS'!$A:$AM,35,0),"")) -> 2200 | AL13: =IF(B13="","",IFERROR(VLOOKUP(B13,'ANÁLISE DE DADOS'!$A:$AM,36,0),"")) -> 0
B14: 10 | C14: =IF(B14="","",IFERROR(VLOOKUP(B14,'ANÁLISE DE DADOS'!$A:$AM,1,0),"")) -> 10 | D14: =IF(B14="","",IFERROR(VLOOKUP(B14,'ANÁLISE DE DADOS'!$A:$AM,2,0),"")) -> Matriz | E14: =IF(B14="","",IFERROR(VLOOKUP(B14,'ANÁLISE DE DADOS'!$A:$AM,3,0),"")) -> 0 | F14: =IF(B14="","",IFERROR(VLOOKUP(B14,'ANÁLISE DE DADOS'!$A:$AM,4,0),"")) -> BemEstar | G14: =IF(B14="","",IFERROR(VLOOKUP(B14,'ANÁLISE DE DADOS'!$A:$AM,5,0),"")) -> 45667 | H14: =IF(B14="","",IFERROR(VLOOKUP(B14,'ANÁLISE DE DADOS'!$A:$AM,6,0),"")) -> jan-25 | I14: =IF(B14="","",IFERROR(VLOOKUP(B14,'ANÁLISE DE DADOS'!$A:$AM,7,0),"")) -> 2025 | J14: =IF(B14="","",IFERROR(VLOOKUP(B14,'ANÁLISE DE DADOS'!$A:$AM,8,0),"")) -> 45699 | K14: =IF(B14="","",IFERROR(VLOOKUP(B14,'ANÁLISE DE DADOS'!$A:$AM,9,0),"")) -> fev-25 | L14: =IF(B14="","",IFERROR(VLOOKUP(B14,'ANÁLISE DE DADOS'!$A:$AM,10,0),"")) -> 2025 | M14: =IF(B14="","",IFERROR(VLOOKUP(B14,'ANÁLISE DE DADOS'!$A:$AM,11,0),"")) -> 45737 | N14: =IF(B14="","",IFERROR(VLOOKUP(B14,'ANÁLISE DE DADOS'!$A:$AM,12,0),"")) -> mar-25 | O14: =IF(B14="","",IFERROR(VLOOKUP(B14,'ANÁLISE DE DADOS'!$A:$AM,13,0),"")) -> 2025 | P14: =IF(B14="","",IFERROR(VLOOKUP(B14,'ANÁLISE DE DADOS'!$A:$AM,14,0),"")) -> 2200 | Q14: =IF(B14="","",IFERROR(VLOOKUP(B14,'ANÁLISE DE DADOS'!$A:$AM,15,0),"")) -> Beatriz | R14: =IF(B14="","",IFERROR(VLOOKUP(B14,'ANÁLISE DE DADOS'!$A:$AM,16,0),"")) -> ANALISTA SIMONE | S14: =IF(B14="","",IFERROR(VLOOKUP(B14,'ANÁLISE DE DADOS'!$A:$AM,17,0),"")) -> NÃO | T14: =IF(B14="","",IFERROR(VLOOKUP(B14,'ANÁLISE DE DADOS'!$A:$AM,18,0),"")) -> Acordo cumprido parcialmente | U14: =IF(B14="","",IFERROR(VLOOKUP(B14,'ANÁLISE DE DADOS'!$A:$AM,19,0),"")) -> Vencido | V14: =IF(B14="","",IFERROR(VLOOKUP(B14,'ANÁLISE DE DADOS'!$A:$AM,20,0),"")) -> 96 | W14: =IF(B14="","",IFERROR(VLOOKUP(B14,'ANÁLISE DE DADOS'!$A:$AM,21,0),"")) -> 61+ dias | X14: =IF(B14="","",IFERROR(VLOOKUP(B14,'ANÁLISE DE DADOS'!$A:$AM,22,0),"")) -> Atraso Crítico | Y14: =IF(B14="","",IFERROR(VLOOKUP(B14,'ANÁLISE DE DADOS'!$A:$AM,23,0),"")) -> - | Z14: =IF(B14="","",IFERROR(VLOOKUP(B14,'ANÁLISE DE DADOS'!$A:$AM,24,0),"")) -> Sim | AA14: =IF(B14="","",IFERROR(VLOOKUP(B14,'ANÁLISE DE DADOS'!$A:$AM,25,0),"")) -> 0 | AB14: =IF(B14="","",IFERROR(VLOOKUP(B14,'ANÁLISE DE DADOS'!$A:$AM,26,0),"")) -> 1 | AC14: =IF(B14="","",IFERROR(VLOOKUP(B14,'ANÁLISE DE DADOS'!$A:$AM,27,0),"")) -> Sim | AD14: =IF(B14="","",IFERROR(VLOOKUP(B14,'ANÁLISE DE DADOS'!$A:$AM,28,0),"")) -> 45740 | AE14: =IF(B14="","",IFERROR(VLOOKUP(B14,'ANÁLISE DE DADOS'!$A:$AM,29,0),"")) -> mar-25 | AF14: =IF(B14="","",IFERROR(VLOOKUP(B14,'ANÁLISE DE DADOS'!$A:$AM,30,0),"")) -> 2025 | AG14: =IF(B14="","",IFERROR(VLOOKUP(B14,'ANÁLISE DE DADOS'!$A:$AM,31,0),"")) -> 45802 | AH14: =IF(B14="","",IFERROR(VLOOKUP(B14,'ANÁLISE DE DADOS'!$A:$AM,32,0),"")) -> mai-25 | AI14: =IF(B14="","",IFERROR(VLOOKUP(B14,'ANÁLISE DE DADOS'!$A:$AM,33,0),"")) -> 2025 | AJ14: =IF(B14="","",IFERROR(VLOOKUP(B14,'ANÁLISE DE DADOS'!$A:$AM,34,0),"")) -> Acompanhando | AK14: =IF(B14="","",IFERROR(VLOOKUP(B14,'ANÁLISE DE DADOS'!$A:$AM,35,0),"")) -> 2200 | AL14: =IF(B14="","",IFERROR(VLOOKUP(B14,'ANÁLISE DE DADOS'!$A:$AM,36,0),"")) -> 0
B15: 11 | C15: =IF(B15="","",IFERROR(VLOOKUP(B15,'ANÁLISE DE DADOS'!$A:$AM,1,0),"")) -> 11 | D15: =IF(B15="","",IFERROR(VLOOKUP(B15,'ANÁLISE DE DADOS'!$A:$AM,2,0),"")) -> Filial | E15: =IF(B15="","",IFERROR(VLOOKUP(B15,'ANÁLISE DE DADOS'!$A:$AM,3,0),"")) -> 0 | F15: =IF(B15="","",IFERROR(VLOOKUP(B15,'ANÁLISE DE DADOS'!$A:$AM,4,0),"")) -> BemEstar | G15: =IF(B15="","",IFERROR(VLOOKUP(B15,'ANÁLISE DE DADOS'!$A:$AM,5,0),"")) -> 45669 | H15: =IF(B15="","",IFERROR(VLOOKUP(B15,'ANÁLISE DE DADOS'!$A:$AM,6,0),"")) -> jan-25 | I15: =IF(B15="","",IFERROR(VLOOKUP(B15,'ANÁLISE DE DADOS'!$A:$AM,7,0),"")) -> 2025 | J15: =IF(B15="","",IFERROR(VLOOKUP(B15,'ANÁLISE DE DADOS'!$A:$AM,8,0),"")) -> 45700 | K15: =IF(B15="","",IFERROR(VLOOKUP(B15,'ANÁLISE DE DADOS'!$A:$AM,9,0),"")) -> fev-25 | L15: =IF(B15="","",IFERROR(VLOOKUP(B15,'ANÁLISE DE DADOS'!$A:$AM,10,0),"")) -> 2025 | M15: =IF(B15="","",IFERROR(VLOOKUP(B15,'ANÁLISE DE DADOS'!$A:$AM,11,0),"")) -> 45701 | N15: =IF(B15="","",IFERROR(VLOOKUP(B15,'ANÁLISE DE DADOS'!$A:$AM,12,0),"")) -> fev-25 | O15: =IF(B15="","",IFERROR(VLOOKUP(B15,'ANÁLISE DE DADOS'!$A:$AM,13,0),"")) -> 2025 | P15: =IF(B15="","",IFERROR(VLOOKUP(B15,'ANÁLISE DE DADOS'!$A:$AM,14,0),"")) -> 1000 | Q15: =IF(B15="","",IFERROR(VLOOKUP(B15,'ANÁLISE DE DADOS'!$A:$AM,15,0),"")) -> Lucas | R15: =IF(B15="","",IFERROR(VLOOKUP(B15,'ANÁLISE DE DADOS'!$A:$AM,16,0),"")) -> ANALISTA SIMONE | S15: =IF(B15="","",IFERROR(VLOOKUP(B15,'ANÁLISE DE DADOS'!$A:$AM,17,0),"")) -> NÃO | T15: =IF(B15="","",IFERROR(VLOOKUP(B15,'ANÁLISE DE DADOS'!$A:$AM,18,0),"")) -> Aguardando liberação do financeiro | U15: =IF(B15="","",IFERROR(VLOOKUP(B15,'ANÁLISE DE DADOS'!$A:$AM,19,0),"")) -> Vencido | V15: =IF(B15="","",IFERROR(VLOOKUP(B15,'ANÁLISE DE DADOS'!$A:$AM,20,0),"")) -> 95 | W15: =IF(B15="","",IFERROR(VLOOKUP(B15,'ANÁLISE DE DADOS'!$A:$AM,21,0),"")) -> 61+ dias | X15: =IF(B15="","",IFERROR(VLOOKUP(B15,'ANÁLISE DE DADOS'!$A:$AM,22,0),"")) -> Atraso Crítico | Y15: =IF(B15="","",IFERROR(VLOOKUP(B15,'ANÁLISE DE DADOS'!$A:$AM,23,0),"")) -> - | Z15: =IF(B15="","",IFERROR(VLOOKUP(B15,'ANÁLISE DE DADOS'!$A:$AM,24,0),"")) -> Sim | AA15: =IF(B15="","",IFERROR(VLOOKUP(B15,'ANÁLISE DE DADOS'!$A:$AM,25,0),"")) -> 0 | AB15: =IF(B15="","",IFERROR(VLOOKUP(B15,'ANÁLISE DE DADOS'!$A:$AM,26,0),"")) -> 1 | AC15: =IF(B15="","",IFERROR(VLOOKUP(B15,'ANÁLISE DE DADOS'!$A:$AM,27,0),"")) -> Sim | AD15: =IF(B15="","",IFERROR(VLOOKUP(B15,'ANÁLISE DE DADOS'!$A:$AM,28,0),"")) -> 45740 | AE15: =IF(B15="","",IFERROR(VLOOKUP(B15,'ANÁLISE DE DADOS'!$A:$AM,29,0),"")) -> mar-25 | AF15: =IF(B15="","",IFERROR(VLOOKUP(B15,'ANÁLISE DE DADOS'!$A:$AM,30,0),"")) -> 2025 | AG15: =IF(B15="","",IFERROR(VLOOKUP(B15,'ANÁLISE DE DADOS'!$A:$AM,31,0),"")) -> 45802 | AH15: =IF(B15="","",IFERROR(VLOOKUP(B15,'ANÁLISE DE DADOS'!$A:$AM,32,0),"")) -> mai-25 | AI15: =IF(B15="","",IFERROR(VLOOKUP(B15,'ANÁLISE DE DADOS'!$A:$AM,33,0),"")) -> 2025 | AJ15: =IF(B15="","",IFERROR(VLOOKUP(B15,'ANÁLISE DE DADOS'!$A:$AM,34,0),"")) -> Acompanhando | AK15: =IF(B15="","",IFERROR(VLOOKUP(B15,'ANÁLISE DE DADOS'!$A:$AM,35,0),"")) -> 1000 | AL15: =IF(B15="","",IFERROR(VLOOKUP(B15,'ANÁLISE DE DADOS'!$A:$AM,36,0),"")) -> 0
... B76: 72 | C76: =IF(B76="","",IFERROR(VLOOKUP(B76,'ANÁLISE DE DADOS'!$A:$AM,1,0),"")) -> 72 | D76: =IF(B76="","",IFERROR(VLOOKUP(B76,'ANÁLISE DE DADOS'!$A:$AM,2,0),"")) -> Filial | E76: =IF(B76="","",IFERROR(VLOOKUP(B76,'ANÁLISE DE DADOS'!$A:$AM,3,0),"")) -> 0 | F76: =IF(B76="","",IFERROR(VLOOKUP(B76,'ANÁLISE DE DADOS'!$A:$AM,4,0),"")) -> GlobalTech | G76: =IF(B76="","",IFERROR(VLOOKUP(B76,'ANÁLISE DE DADOS'!$A:$AM,5,0),"")) -> 45709 | H76: =IF(B76="","",IFERROR(VLOOKUP(B76,'ANÁLISE DE DADOS'!$A:$AM,6,0),"")) -> fev-25 | I76: =IF(B76="","",IFERROR(VLOOKUP(B76,'ANÁLISE DE DADOS'!$A:$AM,7,0),"")) -> 2025 | J76: =IF(B76="","",IFERROR(VLOOKUP(B76,'ANÁLISE DE DADOS'!$A:$AM,8,0),"")) -> 45737 | K76: =IF(B76="","",IFERROR(VLOOKUP(B76,'ANÁLISE DE DADOS'!$A:$AM,9,0),"")) -> mar-25 | L76: =IF(B76="","",IFERROR(VLOOKUP(B76,'ANÁLISE DE DADOS'!$A:$AM,10,0),"")) -> 2025 | M76: =IF(B76="","",IFERROR(VLOOKUP(B76,'ANÁLISE DE DADOS'!$A:$AM,11,0),"")) -> 45737 | N76: =IF(B76="","",IFERROR(VLOOKUP(B76,'ANÁLISE DE DADOS'!$A:$AM,12,0),"")) -> mar-25 | O76: =IF(B76="","",IFERROR(VLOOKUP(B76,'ANÁLISE DE DADOS'!$A:$AM,13,0),"")) -> 2025 | P76: =IF(B76="","",IFERROR(VLOOKUP(B76,'ANÁLISE DE DADOS'!$A:$AM,14,0),"")) -> 2200 | Q76: =IF(B76="","",IFERROR(VLOOKUP(B76,'ANÁLISE DE DADOS'!$A:$AM,15,0),"")) -> Fernanda | R76: =IF(B76="","",IFERROR(VLOOKUP(B76,'ANÁLISE DE DADOS'!$A:$AM,16,0),"")) -> ANALISTA SIMONE | S76: =IF(B76="","",IFERROR(VLOOKUP(B76,'ANÁLISE DE DADOS'!$A:$AM,17,0),"")) -> NÃO | T76: =IF(B76="","",IFERROR(VLOOKUP(B76,'ANÁLISE DE DADOS'!$A:$AM,18,0),"")) -> Sem Retorno | U76: =IF(B76="","",IFERROR(VLOOKUP(B76,'ANÁLISE DE DADOS'!$A:$AM,19,0),"")) -> Vencido | V76: =IF(B76="","",IFERROR(VLOOKUP(B76,'ANÁLISE DE DADOS'!$A:$AM,20,0),"")) -> 58 | W76: =IF(B76="","",IFERROR(VLOOKUP(B76,'ANÁLISE DE DADOS'!$A:$AM,21,0),"")) -> 31-60 dias | X76: =IF(B76="","",IFERROR(VLOOKUP(B76,'ANÁLISE DE DADOS'!$A:$AM,22,0),"")) -> Atraso Médio | Y76: =IF(B76="","",IFERROR(VLOOKUP(B76,'ANÁLISE DE DADOS'!$A:$AM,23,0),"")) -> - | Z76: =IF(B76="","",IFERROR(VLOOKUP(B76,'ANÁLISE DE DADOS'!$A:$AM,24,0),"")) -> Sim | AA76: =IF(B76="","",IFERROR(VLOOKUP(B76,'ANÁLISE DE DADOS'!$A:$AM,25,0),"")) -> 0 | AB76: =IF(B76="","",IFERROR(VLOOKUP(B76,'ANÁLISE DE DADOS'!$A:$AM,26,0),"")) -> 1 | AC76: =IF(B76="","",IFERROR(VLOOKUP(B76,'ANÁLISE DE DADOS'!$A:$AM,27,0),"")) -> Sim | AD76: =IF(B76="","",IFERROR(VLOOKUP(B76,'ANÁLISE DE DADOS'!$A:$AM,28,0),"")) -> 45740 | AE76: =IF(B76="","",IFERROR(VLOOKUP(B76,'ANÁLISE DE DADOS'!$A:$AM,29,0),"")) -> mar-25 | AF76: =IF(B76="","",IFERROR(VLOOKUP(B76,'ANÁLISE DE DADOS'!$A:$AM,30,0),"")) -> 2025 | AG76: =IF(B76="","",IFERROR(VLOOKUP(B76,'ANÁLISE DE DADOS'!$A:$AM,31,0),"")) -> 45772 | AH76: =IF(B76="","",IFERROR(VLOOKUP(B76,'ANÁLISE DE DADOS'!$A:$AM,32,0),"")) -> abr-25 | AI76: =IF(B76="","",IFERROR(VLOOKUP(B76,'ANÁLISE DE DADOS'!$A:$AM,33,0),"")) -> 2025 | AJ76: =IF(B76="","",IFERROR(VLOOKUP(B76,'ANÁLISE DE DADOS'!$A:$AM,34,0),"")) -> Acompanhando | AK76: =IF(B76="","",IFERROR(VLOOKUP(B76,'ANÁLISE DE DADOS'!$A:$AM,35,0),"")) -> 2200 | AL76: =IF(B76="","",IFERROR(VLOOKUP(B76,'ANÁLISE DE DADOS'!$A:$AM,36,0),"")) -> 0
B77: Total Geral | C77: =IF(B77="","",IFERROR(VLOOKUP(B77,'ANÁLISE DE DADOS'!$A:$AM,1,0),"")) | D77: =IF(B77="","",IFERROR(VLOOKUP(B77,'ANÁLISE DE DADOS'!$A:$AM,2,0),"")) | E77: =IF(B77="","",IFERROR(VLOOKUP(B77,'ANÁLISE DE DADOS'!$A:$AM,3,0),"")) | F77: =IF(B77="","",IFERROR(VLOOKUP(B77,'ANÁLISE DE DADOS'!$A:$AM,4,0),"")) | G77: =IF(B77="","",IFERROR(VLOOKUP(B77,'ANÁLISE DE DADOS'!$A:$AM,5,0),"")) | H77: =IF(B77="","",IFERROR(VLOOKUP(B77,'ANÁLISE DE DADOS'!$A:$AM,6,0),"")) | I77: =IF(B77="","",IFERROR(VLOOKUP(B77,'ANÁLISE DE DADOS'!$A:$AM,7,0),"")) | J77: =IF(B77="","",IFERROR(VLOOKUP(B77,'ANÁLISE DE DADOS'!$A:$AM,8,0),"")) | K77: =IF(B77="","",IFERROR(VLOOKUP(B77,'ANÁLISE DE DADOS'!$A:$AM,9,0),"")) | L77: =IF(B77="","",IFERROR(VLOOKUP(B77,'ANÁLISE DE DADOS'!$A:$AM,10,0),"")) | M77: =IF(B77="","",IFERROR(VLOOKUP(B77,'ANÁLISE DE DADOS'!$A:$AM,11,0),"")) | N77: =IF(B77="","",IFERROR(VLOOKUP(B77,'ANÁLISE DE DADOS'!$A:$AM,12,0),"")) | O77: =IF(B77="","",IFERROR(VLOOKUP(B77,'ANÁLISE DE DADOS'!$A:$AM,13,0),"")) | P77: =IF(B77="","",IFERROR(VLOOKUP(B77,'ANÁLISE DE DADOS'!$A:$AM,14,0),"")) | Q77: =IF(B77="","",IFERROR(VLOOKUP(B77,'ANÁLISE DE DADOS'!$A:$AM,15,0),"")) | R77: =IF(B77="","",IFERROR(VLOOKUP(B77,'ANÁLISE DE DADOS'!$A:$AM,16,0),"")) | S77: =IF(B77="","",IFERROR(VLOOKUP(B77,'ANÁLISE DE DADOS'!$A:$AM,17,0),"")) | T77: =IF(B77="","",IFERROR(VLOOKUP(B77,'ANÁLISE DE DADOS'!$A:$AM,18,0),"")) | U77: =IF(B77="","",IFERROR(VLOOKUP(B77,'ANÁLISE DE DADOS'!$A:$AM,19,0),"")) | V77: =IF(B77="","",IFERROR(VLOOKUP(B77,'ANÁLISE DE DADOS'!$A:$AM,20,0),"")) | W77: =IF(B77="","",IFERROR(VLOOKUP(B77,'ANÁLISE DE DADOS'!$A:$AM,21,0),"")) | X77: =IF(B77="","",IFERROR(VLOOKUP(B77,'ANÁLISE DE DADOS'!$A:$AM,22,0),"")) | Y77: =IF(B77="","",IFERROR(VLOOKUP(B77,'ANÁLISE DE DADOS'!$A:$AM,23,0),"")) | Z77: =IF(B77="","",IFERROR(VLOOKUP(B77,'ANÁLISE DE DADOS'!$A:$AM,24,0),"")) | AA77: =IF(B77="","",IFERROR(VLOOKUP(B77,'ANÁLISE DE DADOS'!$A:$AM,25,0),"")) | AB77: =IF(B77="","",IFERROR(VLOOKUP(B77,'ANÁLISE DE DADOS'!$A:$AM,26,0),"")) | AC77: =IF(B77="","",IFERROR(VLOOKUP(B77,'ANÁLISE DE DADOS'!$A:$AM,27,0),"")) | AD77: =IF(B77="","",IFERROR(VLOOKUP(B77,'ANÁLISE DE DADOS'!$A:$AM,28,0),"")) | AE77: =IF(B77="","",IFERROR(VLOOKUP(B77,'ANÁLISE DE DADOS'!$A:$AM,29,0),"")) | AF77: =IF(B77="","",IFERROR(VLOOKUP(B77,'ANÁLISE DE DADOS'!$A:$AM,30,0),"")) | AG77: =IF(B77="","",IFERROR(VLOOKUP(B77,'ANÁLISE DE DADOS'!$A:$AM,31,0),"")) | AH77: =IF(B77="","",IFERROR(VLOOKUP(B77,'ANÁLISE DE DADOS'!$A:$AM,32,0),"")) | AI77: =IF(B77="","",IFERROR(VLOOKUP(B77,'ANÁLISE DE DADOS'!$A:$AM,33,0),"")) | AJ77: =IF(B77="","",IFERROR(VLOOKUP(B77,'ANÁLISE DE DADOS'!$A:$AM,34,0),"")) | AK77: =IF(B77="","",IFERROR(VLOOKUP(B77,'ANÁLISE DE DADOS'!$A:$AM,35,0),"")) | AL77: =IF(B77="","",IFERROR(VLOOKUP(B77,'ANÁLISE DE DADOS'!$A:$AM,36,0),""))
C78: =IF(B78="","",IFERROR(VLOOKUP(B78,'ANÁLISE DE DADOS'!$A:$AM,1,0),"")) | D78: =IF(B78="","",IFERROR(VLOOKUP(B78,'ANÁLISE DE DADOS'!$A:$AM,2,0),"")) | E78: =IF(B78="","",IFERROR(VLOOKUP(B78,'ANÁLISE DE DADOS'!$A:$AM,3,0),"")) | F78: =IF(B78="","",IFERROR(VLOOKUP(B78,'ANÁLISE DE DADOS'!$A:$AM,4,0),"")) | G78: =IF(B78="","",IFERROR(VLOOKUP(B78,'ANÁLISE DE DADOS'!$A:$AM,5,0),"")) | H78: =IF(B78="","",IFERROR(VLOOKUP(B78,'ANÁLISE DE DADOS'!$A:$AM,6,0),"")) | I78: =IF(B78="","",IFERROR(VLOOKUP(B78,'ANÁLISE DE DADOS'!$A:$AM,7,0),"")) | J78: =IF(B78="","",IFERROR(VLOOKUP(B78,'ANÁLISE DE DADOS'!$A:$AM,8,0),"")) | K78: =IF(B78="","",IFERROR(VLOOKUP(B78,'ANÁLISE DE DADOS'!$A:$AM,9,0),"")) | L78: =IF(B78="","",IFERROR(VLOOKUP(B78,'ANÁLISE DE DADOS'!$A:$AM,10,0),"")) | M78: =IF(B78="","",IFERROR(VLOOKUP(B78,'ANÁLISE DE DADOS'!$A:$AM,11,0),"")) | N78: =IF(B78="","",IFERROR(VLOOKUP(B78,'ANÁLISE DE DADOS'!$A:$AM,12,0),"")) | O78: =IF(B78="","",IFERROR(VLOOKUP(B78,'ANÁLISE DE DADOS'!$A:$AM,13,0),"")) | P78: =IF(B78="","",IFERROR(VLOOKUP(B78,'ANÁLISE DE DADOS'!$A:$AM,14,0),"")) | Q78: =IF(B78="","",IFERROR(VLOOKUP(B78,'ANÁLISE DE DADOS'!$A:$AM,15,0),"")) | R78: =IF(B78="","",IFERROR(VLOOKUP(B78,'ANÁLISE DE DADOS'!$A:$AM,16,0),"")) | S78: =IF(B78="","",IFERROR(VLOOKUP(B78,'ANÁLISE DE DADOS'!$A:$AM,17,0),"")) | T78: =IF(B78="","",IFERROR(VLOOKUP(B78,'ANÁLISE DE DADOS'!$A:$AM,18,0),"")) | U78: =IF(B78="","",IFERROR(VLOOKUP(B78,'ANÁLISE DE DADOS'!$A:$AM,19,0),"")) | V78: =IF(B78="","",IFERROR(VLOOKUP(B78,'ANÁLISE DE DADOS'!$A:$AM,20,0),"")) | W78: =IF(B78="","",IFERROR(VLOOKUP(B78,'ANÁLISE DE DADOS'!$A:$AM,21,0),"")) | X78: =IF(B78="","",IFERROR(VLOOKUP(B78,'ANÁLISE DE DADOS'!$A:$AM,22,0),"")) | Y78: =IF(B78="","",IFERROR(VLOOKUP(B78,'ANÁLISE DE DADOS'!$A:$AM,23,0),"")) | Z78: =IF(B78="","",IFERROR(VLOOKUP(B78,'ANÁLISE DE DADOS'!$A:$AM,24,0),"")) | AA78: =IF(B78="","",IFERROR(VLOOKUP(B78,'ANÁLISE DE DADOS'!$A:$AM,25,0),"")) | AB78: =IF(B78="","",IFERROR(VLOOKUP(B78,'ANÁLISE DE DADOS'!$A:$AM,26,0),"")) | AC78: =IF(B78="","",IFERROR(VLOOKUP(B78,'ANÁLISE DE DADOS'!$A:$AM,27,0),"")) | AD78: =IF(B78="","",IFERROR(VLOOKUP(B78,'ANÁLISE DE DADOS'!$A:$AM,28,0),"")) | AE78: =IF(B78="","",IFERROR(VLOOKUP(B78,'ANÁLISE DE DADOS'!$A:$AM,29,0),"")) | AF78: =IF(B78="","",IFERROR(VLOOKUP(B78,'ANÁLISE DE DADOS'!$A:$AM,30,0),"")) | AG78: =IF(B78="","",IFERROR(VLOOKUP(B78,'ANÁLISE DE DADOS'!$A:$AM,31,0),"")) | AH78: =IF(B78="","",IFERROR(VLOOKUP(B78,'ANÁLISE DE DADOS'!$A:$AM,32,0),"")) | AI78: =IF(B78="","",IFERROR(VLOOKUP(B78,'ANÁLISE DE DADOS'!$A:$AM,33,0),"")) | AJ78: =IF(B78="","",IFERROR(VLOOKUP(B78,'ANÁLISE DE DADOS'!$A:$AM,34,0),"")) | AK78: =IF(B78="","",IFERROR(VLOOKUP(B78,'ANÁLISE DE DADOS'!$A:$AM,35,0),"")) | AL78: =IF(B78="","",IFERROR(VLOOKUP(B78,'ANÁLISE DE DADOS'!$A:$AM,36,0),""))
C79: =IF(B79="","",IFERROR(VLOOKUP(B79,'ANÁLISE DE DADOS'!$A:$AM,1,0),"")) | D79: =IF(B79="","",IFERROR(VLOOKUP(B79,'ANÁLISE DE DADOS'!$A:$AM,2,0),"")) | E79: =IF(B79="","",IFERROR(VLOOKUP(B79,'ANÁLISE DE DADOS'!$A:$AM,3,0),"")) | F79: =IF(B79="","",IFERROR(VLOOKUP(B79,'ANÁLISE DE DADOS'!$A:$AM,4,0),"")) | G79: =IF(B79="","",IFERROR(VLOOKUP(B79,'ANÁLISE DE DADOS'!$A:$AM,5,0),"")) | H79: =IF(B79="","",IFERROR(VLOOKUP(B79,'ANÁLISE DE DADOS'!$A:$AM,6,0),"")) | I79: =IF(B79="","",IFERROR(VLOOKUP(B79,'ANÁLISE DE DADOS'!$A:$AM,7,0),"")) | J79: =IF(B79="","",IFERROR(VLOOKUP(B79,'ANÁLISE DE DADOS'!$A:$AM,8,0),"")) | K79: =IF(B79="","",IFERROR(VLOOKUP(B79,'ANÁLISE DE DADOS'!$A:$AM,9,0),"")) | L79: =IF(B79="","",IFERROR(VLOOKUP(B79,'ANÁLISE DE DADOS'!$A:$AM,10,0),"")) | M79: =IF(B79="","",IFERROR(VLOOKUP(B79,'ANÁLISE DE DADOS'!$A:$AM,11,0),"")) | N79: =IF(B79="","",IFERROR(VLOOKUP(B79,'ANÁLISE DE DADOS'!$A:$AM,12,0),"")) | O79: =IF(B79="","",IFERROR(VLOOKUP(B79,'ANÁLISE DE DADOS'!$A:$AM,13,0),"")) | P79: =IF(B79="","",IFERROR(VLOOKUP(B79,'ANÁLISE DE DADOS'!$A:$AM,14,0),"")) | Q79: =IF(B79="","",IFERROR(VLOOKUP(B79,'ANÁLISE DE DADOS'!$A:$AM,15,0),"")) | R79: =IF(B79="","",IFERROR(VLOOKUP(B79,'ANÁLISE DE DADOS'!$A:$AM,16,0),"")) | S79: =IF(B79="","",IFERROR(VLOOKUP(B79,'ANÁLISE DE DADOS'!$A:$AM,17,0),"")) | T79: =IF(B79="","",IFERROR(VLOOKUP(B79,'ANÁLISE DE DADOS'!$A:$AM,18,0),"")) | U79: =IF(B79="","",IFERROR(VLOOKUP(B79,'ANÁLISE DE DADOS'!$A:$AM,19,0),"")) | V79: =IF(B79="","",IFERROR(VLOOKUP(B79,'ANÁLISE DE DADOS'!$A:$AM,20,0),"")) | W79: =IF(B79="","",IFERROR(VLOOKUP(B79,'ANÁLISE DE DADOS'!$A:$AM,21,0),"")) | X79: =IF(B79="","",IFERROR(VLOOKUP(B79,'ANÁLISE DE DADOS'!$A:$AM,22,0),"")) | Y79: =IF(B79="","",IFERROR(VLOOKUP(B79,'ANÁLISE DE DADOS'!$A:$AM,23,0),"")) | Z79: =IF(B79="","",IFERROR(VLOOKUP(B79,'ANÁLISE DE DADOS'!$A:$AM,24,0),"")) | AA79: =IF(B79="","",IFERROR(VLOOKUP(B79,'ANÁLISE DE DADOS'!$A:$AM,25,0),"")) | AB79: =IF(B79="","",IFERROR(VLOOKUP(B79,'ANÁLISE DE DADOS'!$A:$AM,26,0),"")) | AC79: =IF(B79="","",IFERROR(VLOOKUP(B79,'ANÁLISE DE DADOS'!$A:$AM,27,0),"")) | AD79: =IF(B79="","",IFERROR(VLOOKUP(B79,'ANÁLISE DE DADOS'!$A:$AM,28,0),"")) | AE79: =IF(B79="","",IFERROR(VLOOKUP(B79,'ANÁLISE DE DADOS'!$A:$AM,29,0),"")) | AF79: =IF(B79="","",IFERROR(VLOOKUP(B79,'ANÁLISE DE DADOS'!$A:$AM,30,0),"")) | AG79: =IF(B79="","",IFERROR(VLOOKUP(B79,'ANÁLISE DE DADOS'!$A:$AM,31,0),"")) | AH79: =IF(B79="","",IFERROR(VLOOKUP(B79,'ANÁLISE DE DADOS'!$A:$AM,32,0),"")) | AI79: =IF(B79="","",IFERROR(VLOOKUP(B79,'ANÁLISE DE DADOS'!$A:$AM,33,0),"")) | AJ79: =IF(B79="","",IFERROR(VLOOKUP(B79,'ANÁLISE DE DADOS'!$A:$AM,34,0),"")) | AK79: =IF(B79="","",IFERROR(VLOOKUP(B79,'ANÁLISE DE DADOS'!$A:$AM,35,0),"")) | AL79: =IF(B79="","",IFERROR(VLOOKUP(B79,'ANÁLISE DE DADOS'!$A:$AM,36,0),""))
C80: =IF(B80="","",IFERROR(VLOOKUP(B80,'ANÁLISE DE DADOS'!$A:$AM,1,0),"")) | D80: =IF(B80="","",IFERROR(VLOOKUP(B80,'ANÁLISE DE DADOS'!$A:$AM,2,0),"")) | E80: =IF(B80="","",IFERROR(VLOOKUP(B80,'ANÁLISE DE DADOS'!$A:$AM,3,0),"")) | F80: =IF(B80="","",IFERROR(VLOOKUP(B80,'ANÁLISE DE DADOS'!$A:$AM,4,0),"")) | G80: =IF(B80="","",IFERROR(VLOOKUP(B80,'ANÁLISE DE DADOS'!$A:$AM,5,0),"")) | H80: =IF(B80="","",IFERROR(VLOOKUP(B80,'ANÁLISE DE DADOS'!$A:$AM,6,0),"")) | I80: =IF(B80="","",IFERROR(VLOOKUP(B80,'ANÁLISE DE DADOS'!$A:$AM,7,0),"")) | J80: =IF(B80="","",IFERROR(VLOOKUP(B80,'ANÁLISE DE DADOS'!$A:$AM,8,0),"")) | K80: =IF(B80="","",IFERROR(VLOOKUP(B80,'ANÁLISE DE DADOS'!$A:$AM,9,0),"")) | L80: =IF(B80="","",IFERROR(VLOOKUP(B80,'ANÁLISE DE DADOS'!$A:$AM,10,0),"")) | M80: =IF(B80="","",IFERROR(VLOOKUP(B80,'ANÁLISE DE DADOS'!$A:$AM,11,0),"")) | N80: =IF(B80="","",IFERROR(VLOOKUP(B80,'ANÁLISE DE DADOS'!$A:$AM,12,0),"")) | O80: =IF(B80="","",IFERROR(VLOOKUP(B80,'ANÁLISE DE DADOS'!$A:$AM,13,0),"")) | P80: =IF(B80="","",IFERROR(VLOOKUP(B80,'ANÁLISE DE DADOS'!$A:$AM,14,0),"")) | Q80: =IF(B80="","",IFERROR(VLOOKUP(B80,'ANÁLISE DE DADOS'!$A:$AM,15,0),"")) | R80: =IF(B80="","",IFERROR(VLOOKUP(B80,'ANÁLISE DE DADOS'!$A:$AM,16,0),"")) | S80: =IF(B80="","",IFERROR(VLOOKUP(B80,'ANÁLISE DE DADOS'!$A:$AM,17,0),"")) | T80: =IF(B80="","",IFERROR(VLOOKUP(B80,'ANÁLISE DE DADOS'!$A:$AM,18,0),"")) | U80: =IF(B80="","",IFERROR(VLOOKUP(B80,'ANÁLISE DE DADOS'!$A:$AM,19,0),"")) | V80: =IF(B80="","",IFERROR(VLOOKUP(B80,'ANÁLISE DE DADOS'!$A:$AM,20,0),"")) | W80: =IF(B80="","",IFERROR(VLOOKUP(B80,'ANÁLISE DE DADOS'!$A:$AM,21,0),"")) | X80: =IF(B80="","",IFERROR(VLOOKUP(B80,'ANÁLISE DE DADOS'!$A:$AM,22,0),"")) | Y80: =IF(B80="","",IFERROR(VLOOKUP(B80,'ANÁLISE DE DADOS'!$A:$AM,23,0),"")) | Z80: =IF(B80="","",IFERROR(VLOOKUP(B80,'ANÁLISE DE DADOS'!$A:$AM,24,0),"")) | AA80: =IF(B80="","",IFERROR(VLOOKUP(B80,'ANÁLISE DE DADOS'!$A:$AM,25,0),"")) | AB80: =IF(B80="","",IFERROR(VLOOKUP(B80,'ANÁLISE DE DADOS'!$A:$AM,26,0),"")) | AC80: =IF(B80="","",IFERROR(VLOOKUP(B80,'ANÁLISE DE DADOS'!$A:$AM,27,0),"")) | AD80: =IF(B80="","",IFERROR(VLOOKUP(B80,'ANÁLISE DE DADOS'!$A:$AM,28,0),"")) | AE80: =IF(B80="","",IFERROR(VLOOKUP(B80,'ANÁLISE DE DADOS'!$A:$AM,29,0),"")) | AF80: =IF(B80="","",IFERROR(VLOOKUP(B80,'ANÁLISE DE DADOS'!$A:$AM,30,0),"")) | AG80: =IF(B80="","",IFERROR(VLOOKUP(B80,'ANÁLISE DE DADOS'!$A:$AM,31,0),"")) | AH80: =IF(B80="","",IFERROR(VLOOKUP(B80,'ANÁLISE DE DADOS'!$A:$AM,32,0),"")) | AI80: =IF(B80="","",IFERROR(VLOOKUP(B80,'ANÁLISE DE DADOS'!$A:$AM,33,0),"")) | AJ80: =IF(B80="","",IFERROR(VLOOKUP(B80,'ANÁLISE DE DADOS'!$A:$AM,34,0),"")) | AK80: =IF(B80="","",IFERROR(VLOOKUP(B80,'ANÁLISE DE DADOS'!$A:$AM,35,0),"")) | AL80: =IF(B80="","",IFERROR(VLOOKUP(B80,'ANÁLISE DE DADOS'!$A:$AM,36,0),""))
